Timestamp,Age,Gender,City,Years of experience,Level,Salary (EUR),Main language at work,Company size,Company type,Age category,Years of experience category,Salary (EUR) category
14/12/2018 12:41:33,43.0,Male,München,11.0,Senior,77000.0,German,100-1000,Product,"[40,50)","[10,20)","[50000,100000)"
14/12/2018 12:42:09,33.0,Female,München,8.0,Senior,65000.0,German,50-100,Product,"[30,40)","[5,10)","[50000,100000)"
14/12/2018 12:47:36,32.0,Male,München,10.0,Senior,88000.0,German,1000+,Product,"[30,40)","[10,20)","[50000,100000)"
14/12/2018 12:50:15,25.0,Male,München,6.0,Senior,78000.0,English,1000+,Product,"[20,30)","[5,10)","[50000,100000)"
14/12/2018 12:50:31,39.0,Male,München,10.0,Senior,69000.0,English,100-1000,Other,"[30,40)","[10,20)","[50000,100000)"
14/12/2018 12:52:24,37.0,Male,München,8.0,Senior,98000.0,German,1000+,Other,"[30,40)","[5,10)","[50000,100000)"
14/12/2018 12:53:47,,Male,Berlin,5.0,Senior,65000.0,English,1000+,Product,Unknown,"[5,10)","[50000,100000)"
14/12/2018 12:53:47,36.0,Female,München,8.0,Senior,109000.0,English,1000+,Unknown,"[30,40)","[5,10)","[100000,150000)"
14/12/2018 12:54:20,32.0,Male,Berlin,3.0,Senior,65000.0,English,100-1000,Startup,"[30,40)",<5,"[50000,100000)"
14/12/2018 12:55:44,30.0,Male,München,8.0,Senior,60000.0,German,100-1000,Consulting / Agency,"[30,40)","[5,10)","[50000,100000)"
14/12/2018 12:56:28,40.0,Male,Berlin,18.0,Senior,70000.0,English,100-1000,Product,"[40,50)","[10,20)","[50000,100000)"
14/12/2018 12:56:31,33.0,Male,Karlsruhe,8.0,Senior,70000.0,English,100-1000,Product,"[30,40)","[5,10)","[50000,100000)"
14/12/2018 12:59:58,31.0,Female,Berlin,,Senior,55000.0,English,10-50,Startup,"[30,40)",Unknown,"[50000,100000)"
14/12/2018 13:00:13,29.0,Male,Berlin,6.0,Middle,55000.0,English,100-1000,Product,"[20,30)","[5,10)","[50000,100000)"
14/12/2018 13:03:34,32.0,Male,München,11.0,Middle,94500.0,Other,1000+,Product,"[30,40)","[10,20)","[50000,100000)"
14/12/2018 13:06:18,25.0,Female,München,3.0,Junior,46000.0,English,100-1000,Startup,"[20,30)",<5,"[20000,50000)"
14/12/2018 13:07:09,33.0,Male,München,11.0,Senior,68000.0,German,1000+,Product,"[30,40)","[10,20)","[50000,100000)"
14/12/2018 13:10:26,24.0,Male,Hamburg,4.0,Middle,60000.0,English,1000+,Product,"[20,30)",<5,"[50000,100000)"
14/12/2018 13:16:09,44.0,Male,Berlin,17.0,Senior,62500.0,German,10-50,Consulting / Agency,"[40,50)","[10,20)","[50000,100000)"
14/12/2018 13:20:36,37.0,Male,Berlin,19.0,Senior,80000.0,English,50-100,Startup,"[30,40)","[10,20)","[50000,100000)"
14/12/2018 13:25:17,29.0,Male,München,10.0,Senior,132250.0,English,1000+,Other,"[20,30)","[10,20)","[100000,150000)"
14/12/2018 13:25:49,34.0,Female,Berlin,10.0,Senior,53000.0,English,100-1000,Startup,"[30,40)","[10,20)","[50000,100000)"
14/12/2018 13:25:58,28.0,Male,München,5.0,Middle,52000.0,English,100-1000,Product,"[20,30)","[5,10)","[50000,100000)"
14/12/2018 13:28:36,35.0,Male,Berlin,10.0,Senior,95000.0,English,10-50,Consulting / Agency,"[30,40)","[10,20)","[50000,100000)"
14/12/2018 13:29:27,32.0,Male,München,4.0,Senior,72000.0,English,1000+,Consulting / Agency,"[30,40)",<5,"[50000,100000)"
14/12/2018 13:29:56,40.0,Female,München,15.0,Middle,55000.0,English,100-1000,Product,"[40,50)","[10,20)","[50000,100000)"
14/12/2018 13:32:27,39.0,Male,München,15.0,Senior,77000.0,English,100-1000,Product,"[30,40)","[10,20)","[50000,100000)"
14/12/2018 13:32:43,38.0,Male,München,12.0,Senior,72000.0,English,100-1000,Product,"[30,40)","[10,20)","[50000,100000)"
14/12/2018 13:33:51,28.0,Male,München,8.0,Senior,80000.0,English,50-100,Product,"[20,30)","[5,10)","[50000,100000)"
14/12/2018 13:33:54,31.0,Male,Berlin,5.0,Middle,66000.0,English,1000+,Product,"[30,40)","[5,10)","[50000,100000)"
14/12/2018 13:39:08,39.0,Male,Berlin,10.0,Middle,75800.0,German,1000+,Other,"[30,40)","[10,20)","[50000,100000)"
14/12/2018 13:40:40,35.0,Female,München,12.0,Senior,84000.0,English,100-1000,Startup,"[30,40)","[10,20)","[50000,100000)"
14/12/2018 13:43:36,32.0,Male,München,10.0,Senior,60000.0,English,50-100,Product,"[30,40)","[10,20)","[50000,100000)"
14/12/2018 13:43:50,27.0,Male,Augsburg ,4.0,Middle,57000.0,German,100-1000,Product,"[20,30)",<5,"[50000,100000)"
14/12/2018 13:43:50,,Male,München,2.0,Junior,58000.0,English,100-1000,Product,Unknown,<5,"[50000,100000)"
14/12/2018 13:44:05,31.0,Male,München,1.0,Junior,36000.0,English,50-100,Startup,"[30,40)",<5,"[20000,50000)"
14/12/2018 13:44:09,31.0,Male,München,10.0,Senior,70000.0,English,100-1000,Product,"[30,40)","[10,20)","[50000,100000)"
14/12/2018 13:44:09,32.0,Male,München,10.0,Senior,72000.0,English,100-1000,Product,"[30,40)","[10,20)","[50000,100000)"
14/12/2018 13:44:38,35.0,Male,München,5.0,Middle,75000.0,English,100-1000,Product,"[30,40)","[5,10)","[50000,100000)"
14/12/2018 13:44:52,33.0,Male,München,9.0,Middle,90000.0,German,1000+,Product,"[30,40)","[5,10)","[50000,100000)"
14/12/2018 13:44:54,32.0,Male,München,7.0,Senior,69000.0,English,100-1000,Product,"[30,40)","[5,10)","[50000,100000)"
14/12/2018 13:44:55,41.0,Male,München,20.0,Senior,113000.0,German,100-1000,Startup,"[40,50)","[20,30)","[100000,150000)"
14/12/2018 13:45:42,,Male,München,10.0,Senior,65000.0,English,100-1000,Product,Unknown,"[10,20)","[50000,100000)"
14/12/2018 13:45:55,30.0,Male,München,7.0,Middle,75000.0,English,50-100,Product,"[30,40)","[5,10)","[50000,100000)"
14/12/2018 13:46:20,24.0,Female,München,3.0,Middle,57000.0,Other,100-1000,Product,"[20,30)",<5,"[50000,100000)"
14/12/2018 13:46:29,43.0,Male,Berlin,10.0,Senior,84000.0,English,50-100,Product,"[40,50)","[10,20)","[50000,100000)"
14/12/2018 13:46:46,28.0,Male,München,6.0,Senior,70000.0,English,1000+,Product,"[20,30)","[5,10)","[50000,100000)"
14/12/2018 13:46:50,29.0,Male,Bremen,1.0,Junior,55000.0,German,10-50,Product,"[20,30)",<5,"[50000,100000)"
14/12/2018 13:47:09,32.0,Male,München,6.0,Senior,60000.0,English,100-1000,Product,"[30,40)","[5,10)","[50000,100000)"
14/12/2018 13:47:36,31.0,Male,Frankfurt,11.0,Senior,65000.0,English,100-1000,Product,"[30,40)","[10,20)","[50000,100000)"
14/12/2018 13:48:17,33.0,Male,Berlin,10.0,Senior,70000.0,English,10-50,Startup,"[30,40)","[10,20)","[50000,100000)"
14/12/2018 13:50:54,29.0,Male,Unknown,7.0,Middle,50000.0,English,up to 10,Product,"[20,30)","[5,10)","[50000,100000)"
14/12/2018 13:52:38,28.0,Male,München,7.5,Middle,65000.0,German,50-100,Consulting / Agency,"[20,30)","[5,10)","[50000,100000)"
14/12/2018 13:54:01,32.0,Male,München,10.0,Senior,78000.0,English,10-50,Startup,"[30,40)","[10,20)","[50000,100000)"
14/12/2018 13:54:15,26.0,Female,Regensburg,1.0,Junior,60000.0,German,1000+,Product,"[20,30)",<5,"[50000,100000)"
14/12/2018 13:54:24,34.0,Male,Hamburg,10.0,Senior,71000.0,English,50-100,Startup,"[30,40)","[10,20)","[50000,100000)"
14/12/2018 13:54:51,29.0,Male,München,9.0,Senior,75000.0,German,100-1000,Product,"[20,30)","[5,10)","[50000,100000)"
14/12/2018 13:55:13,27.0,Female,Frankfurt,1.0,Junior,49000.0,English,1000+,Consulting / Agency,"[20,30)",<5,"[20000,50000)"
14/12/2018 13:55:42,28.0,Male,Hamburg,4.0,Senior,65000.0,English,100-1000,Product,"[20,30)",<5,"[50000,100000)"
14/12/2018 13:56:04,34.0,Male,München,10.0,Senior,68000.0,English,10-50,Product,"[30,40)","[10,20)","[50000,100000)"
14/12/2018 13:58:27,35.0,Male,München,10.0,Senior,56000.0,English,50-100,Product,"[30,40)","[10,20)","[50000,100000)"
14/12/2018 14:00:15,32.0,Female,Berlin,3.0,Junior,30000.0,English,50-100,Product,"[30,40)",<5,"[20000,50000)"
14/12/2018 14:00:22,32.0,Male,München,11.0,Senior,72000.0,English,up to 10,Product,"[30,40)","[10,20)","[50000,100000)"
14/12/2018 14:00:57,,Female,Frankfurt,4.0,Middle,65000.0,English,100-1000,Product,Unknown,<5,"[50000,100000)"
14/12/2018 14:01:59,29.0,Male,Frankfurt,5.0,Middle,45000.0,English,up to 10,Consulting / Agency,"[20,30)","[5,10)","[20000,50000)"
14/12/2018 14:03:15,36.0,Female,München,4.0,Middle,55000.0,English,1000+,Product,"[30,40)",<5,"[50000,100000)"
14/12/2018 14:03:29,29.0,Male,Lisbon,6.0,Middle,40000.0,English,1000+,Product,"[20,30)","[5,10)","[20000,50000)"
14/12/2018 14:04:31,25.0,Male,Frankfurt,5.0,Middle,66000.0,English,100-1000,Consulting / Agency,"[20,30)","[5,10)","[50000,100000)"
14/12/2018 14:04:45,,Male,Frankfurt,7.0,Senior,66000.0,English,100-1000,Product,Unknown,"[5,10)","[50000,100000)"
14/12/2018 14:04:58,,Female,Hamburg,5.0,Middle,54000.0,English,100-1000,Product,Unknown,"[5,10)","[50000,100000)"
14/12/2018 14:05:28,25.0,Male,München,3.0,Senior,60000.0,Other,10-50,Startup,"[20,30)",<5,"[50000,100000)"
14/12/2018 14:08:20,32.0,Male,Berlin,6.0,Middle,50000.0,English,10-50,Product,"[30,40)","[5,10)","[50000,100000)"
14/12/2018 14:09:38,29.0,Male,Berlin,7.0,Senior,60000.0,English,1000+,Product,"[20,30)","[5,10)","[50000,100000)"
14/12/2018 14:10:00,,Male,Leipzig,3.0,Senior,48000.0,English,100-1000,Consulting / Agency,Unknown,<5,"[20000,50000)"
14/12/2018 14:11:36,26.0,Male,München,4.0,Middle,66000.0,English,1000+,Consulting / Agency,"[20,30)",<5,"[50000,100000)"
14/12/2018 14:15:19,33.0,Male,Frankfurt,10.0,Senior,95000.0,German,1000+,Product,"[30,40)","[10,20)","[50000,100000)"
14/12/2018 14:15:23,28.0,Male,München,8.0,Middle,61000.0,English,100-1000,Product,"[20,30)","[5,10)","[50000,100000)"
14/12/2018 14:19:00,31.0,Male,Berlin,1.0,Middle,65000.0,English,100-1000,Startup,"[30,40)",<5,"[50000,100000)"
14/12/2018 14:20:07,29.0,Male,Berlin,5.0,Middle,55000.0,English,10-50,Startup,"[20,30)","[5,10)","[50000,100000)"
14/12/2018 14:21:25,29.0,Male,München,8.0,Senior,72000.0,Other,100-1000,Product,"[20,30)","[5,10)","[50000,100000)"
14/12/2018 14:22:39,33.0,Male,Berlin,,Middle,90000.0,English,1000+,Product,"[30,40)",Unknown,"[50000,100000)"
14/12/2018 14:26:57,31.0,Male,Berlin,12.0,Senior,60000.0,English,50-100,Startup,"[30,40)","[10,20)","[50000,100000)"
14/12/2018 14:27:10,,Male,München,5.0,Middle,60000.0,English,100-1000,Product,Unknown,"[5,10)","[50000,100000)"
14/12/2018 14:28:17,27.0,Male,Berlin,10.0,Senior,87000.0,English,100-1000,Product,"[20,30)","[10,20)","[50000,100000)"
14/12/2018 14:29:00,30.0,Male,Berlin,6.0,Senior,70000.0,English,100-1000,Product,"[30,40)","[5,10)","[50000,100000)"
14/12/2018 14:29:12,,Female,München,8.0,Middle,30000.0,English,up to 10,Startup,Unknown,"[5,10)","[20000,50000)"
14/12/2018 14:29:35,34.0,Female,Berlin,5.0,Middle,55000.0,English,100-1000,Startup,"[30,40)","[5,10)","[50000,100000)"
14/12/2018 14:29:48,24.0,Unknown,München,3.0,Middle,57000.0,English,1000+,Product,"[20,30)",<5,"[50000,100000)"
14/12/2018 14:31:08,44.0,Male,München,14.0,Senior,73000.0,Other,50-100,Unknown,"[40,50)","[10,20)","[50000,100000)"
14/12/2018 14:32:30,37.0,Male,Berlin,15.0,Senior,85000.0,English,up to 10,Startup,"[30,40)","[10,20)","[50000,100000)"
14/12/2018 14:32:47,,Male,Stuttgart,4.0,Senior,65000.0,English,1000+,Consulting / Agency,Unknown,<5,"[50000,100000)"
14/12/2018 14:32:55,,Male,Stuttgart,4.0,Senior,65000.0,English,1000+,Consulting / Agency,Unknown,<5,"[50000,100000)"
14/12/2018 14:33:05,33.0,Male,Berlin,,Senior,58000.0,English,100-1000,Startup,"[30,40)",Unknown,"[50000,100000)"
14/12/2018 14:33:16,36.0,Male,Berlin,14.0,Senior,82000.0,English,100-1000,Product,"[30,40)","[10,20)","[50000,100000)"
14/12/2018 14:33:48,34.0,Male,Berlin,10.0,Senior,67000.0,English,100-1000,Product,"[30,40)","[10,20)","[50000,100000)"
14/12/2018 14:35:19,31.0,Male,Berlin,12.0,Senior,65000.0,English,100-1000,Product,"[30,40)","[10,20)","[50000,100000)"
14/12/2018 14:35:19,25.0,Male,München,3.0,Middle,62000.0,English,100-1000,Other,"[20,30)",<5,"[50000,100000)"
14/12/2018 14:35:22,28.0,Male,Berlin,6.0,Senior,62000.0,English,50-100,Startup,"[20,30)","[5,10)","[50000,100000)"
14/12/2018 14:36:04,38.0,Male,Berlin,19.0,Senior,83000.0,English,100-1000,Product,"[30,40)","[10,20)","[50000,100000)"
14/12/2018 14:36:57,32.0,Female,Berlin,10.0,Senior,75000.0,English,1000+,Product,"[30,40)","[10,20)","[50000,100000)"
14/12/2018 14:37:00,22.0,Male,Berlin,2.0,Middle,50000.0,English,50-100,Startup,"[20,30)",<5,"[50000,100000)"
14/12/2018 14:37:59,37.0,Male,München,8.0,Senior,100000.0,English,50-100,Consulting / Agency,"[30,40)","[5,10)","[100000,150000)"
14/12/2018 14:38:13,32.0,Male,Berlin,10.0,Middle,75000.0,English,1000+,Product,"[30,40)","[10,20)","[50000,100000)"
14/12/2018 14:39:31,40.0,Male,Berlin,18.0,Senior,69000.0,English,50-100,Consulting / Agency,"[40,50)","[10,20)","[50000,100000)"
14/12/2018 14:39:33,24.0,Male,Berlin,3.0,Middle,50000.0,English,100-1000,Product,"[20,30)",<5,"[50000,100000)"
14/12/2018 14:40:36,36.0,Male,Berlin,10.0,Middle,73000.0,English,50-100,Startup,"[30,40)","[10,20)","[50000,100000)"
14/12/2018 14:42:07,35.0,Male,Berlin,15.0,Senior,120000.0,English,1000+,Product,"[30,40)","[10,20)","[100000,150000)"
14/12/2018 14:43:15,28.0,Male,Frankfurt,5.0,Senior,50000.0,English,10-50,Product,"[20,30)","[5,10)","[50000,100000)"
14/12/2018 14:43:19,32.0,Male,München,3.0,Middle,58000.0,German,1000+,Unknown,"[30,40)",<5,"[50000,100000)"
14/12/2018 14:45:08,33.0,Male,Unknown,11.0,Senior,65000.0,German,50-100,Product,"[30,40)","[10,20)","[50000,100000)"
14/12/2018 14:46:20,36.0,Female,München,3.0,Middle,30000.0,English,10-50,Product,"[30,40)",<5,"[20000,50000)"
14/12/2018 14:46:28,32.0,Male,Berlin,,Senior,80000.0,English,up to 10,Startup,"[30,40)",Unknown,"[50000,100000)"
14/12/2018 14:46:54,32.0,Male,Berlin,10.0,Senior,70000.0,English,50-100,Startup,"[30,40)","[10,20)","[50000,100000)"
14/12/2018 14:48:13,32.0,Male,München,4.0,Senior,65000.0,English,50-100,Product,"[30,40)",<5,"[50000,100000)"
14/12/2018 14:48:46,31.0,Male,Berlin,12.0,Senior,78600.0,English,100-1000,Product,"[30,40)","[10,20)","[50000,100000)"
14/12/2018 14:51:20,34.0,Male,Berlin,13.0,Senior,70000.0,English,10-50,Product,"[30,40)","[10,20)","[50000,100000)"
14/12/2018 14:54:00,,Male,Amsterdam,5.0,Senior,60000.0,English,1000+,Product,Unknown,"[5,10)","[50000,100000)"
14/12/2018 14:56:28,32.0,Male,Berlin,6.0,Senior,78000.0,English,100-1000,Startup,"[30,40)","[5,10)","[50000,100000)"
14/12/2018 14:57:07,34.0,Male,Berlin,17.0,Senior,70000.0,English,50-100,Startup,"[30,40)","[10,20)","[50000,100000)"
14/12/2018 14:58:17,32.0,Male,Luxembourg,8.0,Middle,89000.0,English,1000+,Product,"[30,40)","[5,10)","[50000,100000)"
14/12/2018 15:00:18,27.0,Female,München,0.5,Junior,60000.0,English,50-100,Product,"[20,30)",<5,"[50000,100000)"
14/12/2018 15:01:21,31.0,Female,München,5.0,Middle,60000.0,English,50-100,Product,"[30,40)","[5,10)","[50000,100000)"
14/12/2018 15:02:04,32.0,Male,Berlin,9.0,Senior,72000.0,English,1000+,Product,"[30,40)","[5,10)","[50000,100000)"
14/12/2018 15:02:23,,Male,München,3.0,Middle,43000.0,German,50-100,Product,Unknown,<5,"[20000,50000)"
14/12/2018 15:04:23,27.0,Male,Berlin,7.0,Senior,72000.0,English,1000+,Product,"[20,30)","[5,10)","[50000,100000)"
14/12/2018 15:05:01,30.0,Male,Berlin,7.0,Senior,65000.0,English,1000+,Startup,"[30,40)","[5,10)","[50000,100000)"
14/12/2018 15:05:08,34.0,Male,Berlin,5.0,Senior,85000.0,English,1000+,Consulting / Agency,"[30,40)","[5,10)","[50000,100000)"
14/12/2018 15:08:12,30.0,Male,Berlin,8.0,Senior,55000.0,English,50-100,Product,"[30,40)","[5,10)","[50000,100000)"
14/12/2018 15:08:33,24.0,Male,Berlin,4.0,Middle,65000.0,English,100-1000,Startup,"[20,30)",<5,"[50000,100000)"
14/12/2018 15:09:01,28.0,Female,Berlin,4.0,Middle,56000.0,English,1000+,Product,"[20,30)",<5,"[50000,100000)"
14/12/2018 15:11:21,39.0,Male,Bern,10.0,Senior,107000.0,German,100-1000,Product,"[30,40)","[10,20)","[100000,150000)"
14/12/2018 15:11:22,29.0,Male,Berlin,3.0,Middle,60000.0,English,100-1000,Product,"[20,30)",<5,"[50000,100000)"
14/12/2018 15:12:01,34.0,Male,München,7.0,Senior,70000.0,English,100-1000,Startup,"[30,40)","[5,10)","[50000,100000)"
14/12/2018 15:12:19,30.0,Male,Berlin,6.0,Middle,60000.0,English,100-1000,Product,"[30,40)","[5,10)","[50000,100000)"
14/12/2018 15:14:28,35.0,Male,Berlin,15.0,Senior,62000.0,English,100-1000,Product,"[30,40)","[10,20)","[50000,100000)"
14/12/2018 15:18:07,37.0,Male,Berlin,14.0,Senior,78000.0,English,10-50,Startup,"[30,40)","[10,20)","[50000,100000)"
14/12/2018 15:18:58,25.0,Male,Frankfurt,,Junior,60000.0,English,1000+,Other,"[20,30)",Unknown,"[50000,100000)"
14/12/2018 15:20:33,37.0,Male,Berlin,15.0,Senior,54000.0,English,10-50,Product,"[30,40)","[10,20)","[50000,100000)"
14/12/2018 15:21:25,27.0,Female,Berlin,4.0,Middle,46000.0,German,100-1000,Other,"[20,30)",<5,"[20000,50000)"
14/12/2018 15:21:26,30.0,Male,Bonn,7.0,Middle,64000.0,English,1000+,Product,"[30,40)","[5,10)","[50000,100000)"
14/12/2018 15:22:45,33.0,Male,Berlin,10.0,Senior,65000.0,English,10-50,Product,"[30,40)","[10,20)","[50000,100000)"
14/12/2018 15:23:40,32.0,Male,Berlin,5.0,Middle,58000.0,English,10-50,Startup,"[30,40)","[5,10)","[50000,100000)"
14/12/2018 15:24:22,,Male,München,13.0,Senior,75000.0,English,1000+,Product,Unknown,"[10,20)","[50000,100000)"
14/12/2018 15:27:36,30.0,Male,Frankfurt,8.0,Senior,95000.0,English,100-1000,Product,"[30,40)","[5,10)","[50000,100000)"
14/12/2018 15:30:21,27.0,Female,Berlin,5.0,Middle,60000.0,English,100-1000,Product,"[20,30)","[5,10)","[50000,100000)"
14/12/2018 15:30:27,28.0,Male,München,6.0,Middle,53000.0,English,100-1000,Product,"[20,30)","[5,10)","[50000,100000)"
14/12/2018 15:31:13,30.0,Male,Berlin,3.0,Middle,69000.0,English,1000+,Product,"[30,40)",<5,"[50000,100000)"
14/12/2018 15:31:33,39.0,Male,Berlin,20.0,Senior,84000.0,English,1000+,Product,"[30,40)","[20,30)","[50000,100000)"
14/12/2018 15:32:58,26.0,Male,Berlin,5.0,Senior,52000.0,English,10-50,Startup,"[20,30)","[5,10)","[50000,100000)"
14/12/2018 15:34:50,,Male,München,12.0,Senior,85000.0,English,10-50,Product,Unknown,"[10,20)","[50000,100000)"
14/12/2018 15:36:26,30.0,Male,Berlin,7.0,Senior,75000.0,English,50-100,Unknown,"[30,40)","[5,10)","[50000,100000)"
14/12/2018 15:44:27,,Male,München,6.0,Senior,63000.0,English,100-1000,Product,Unknown,"[5,10)","[50000,100000)"
14/12/2018 15:44:57,39.0,Male,Berlin,17.0,Senior,87000.0,English,1000+,Product,"[30,40)","[10,20)","[50000,100000)"
14/12/2018 15:47:44,35.0,Female,Berlin,14.0,Senior,65000.0,English,10-50,Startup,"[30,40)","[10,20)","[50000,100000)"
14/12/2018 15:50:50,30.0,Female,Berlin,3.0,Middle,50400.0,English,10-50,Startup,"[30,40)",<5,"[50000,100000)"
14/12/2018 15:54:33,26.0,Male,Berlin,6.0,Senior,65000.0,English,100-1000,Product,"[20,30)","[5,10)","[50000,100000)"
14/12/2018 15:55:41,,Male,Hamburg,19.0,Senior,85000.0,German,1000+,Product,Unknown,"[10,20)","[50000,100000)"
14/12/2018 15:56:16,27.0,Male,Berlin,2.5,Senior,66000.0,English,100-1000,Startup,"[20,30)",<5,"[50000,100000)"
14/12/2018 15:56:57,43.0,Female,München,0.5,Junior,32000.0,German,10-50,Product,"[40,50)",<5,"[20000,50000)"
14/12/2018 15:58:16,42.0,Male,München,15.0,Middle,42000.0,German,10-50,Product,"[40,50)","[10,20)","[20000,50000)"
14/12/2018 16:11:51,31.0,Male,Berlin,11.0,Senior,65000.0,English,100-1000,Product,"[30,40)","[10,20)","[50000,100000)"
14/12/2018 16:13:11,34.0,Male,Berlin,8.0,Middle,74000.0,English,1000+,Startup,"[30,40)","[5,10)","[50000,100000)"
14/12/2018 16:14:28,,Male,Berlin,10.0,Senior,75000.0,English,100-1000,Startup,Unknown,"[10,20)","[50000,100000)"
14/12/2018 16:15:58,30.0,Male,München,8.0,Senior,72500.0,English,100-1000,Product,"[30,40)","[5,10)","[50000,100000)"
14/12/2018 16:18:51,37.0,Male,Berlin,7.0,Senior,53000.0,German,100-1000,Product,"[30,40)","[5,10)","[50000,100000)"
14/12/2018 16:22:31,,Male,Frankfurt,13.0,Senior,102000.0,English,100-1000,Product,Unknown,"[10,20)","[100000,150000)"
14/12/2018 16:23:37,27.0,Male,Hamburg,11.0,Senior,60000.0,English,100-1000,Product,"[20,30)","[10,20)","[50000,100000)"
14/12/2018 16:28:22,30.0,Male,Berlin,10.0,Senior,75000.0,English,1000+,Product,"[30,40)","[10,20)","[50000,100000)"
14/12/2018 16:34:10,33.0,Male,Berlin,15.0,Senior,85000.0,English,1000+,Unknown,"[30,40)","[10,20)","[50000,100000)"
14/12/2018 16:36:10,38.0,Male,Köln,12.0,Senior,60000.0,German,10-50,Consulting / Agency,"[30,40)","[10,20)","[50000,100000)"
14/12/2018 16:37:06,35.0,Male,Berlin,9.0,Senior,60000.0,English,up to 10,Startup,"[30,40)","[5,10)","[50000,100000)"
14/12/2018 16:39:31,36.0,Male,Berlin,15.0,Senior,85000.0,German,10-50,Product,"[30,40)","[10,20)","[50000,100000)"
14/12/2018 16:59:14,25.0,Male,Berlin,5.0,Middle,50000.0,English,10-50,Startup,"[20,30)","[5,10)","[50000,100000)"
14/12/2018 16:59:45,32.0,Male,Berlin,5.0,Unknown,60000.0,English,100-1000,Product,"[30,40)","[5,10)","[50000,100000)"
14/12/2018 17:00:26,35.0,Male,Köln,5.0,Middle,35000.0,English,1000+,Product,"[30,40)","[5,10)","[20000,50000)"
14/12/2018 17:01:05,29.0,Male,München,8.0,Senior,75000.0,English,50-100,Consulting / Agency,"[20,30)","[5,10)","[50000,100000)"
14/12/2018 17:06:24,30.0,Female,Berlin,4.0,Middle,58000.0,English,10-50,Product,"[30,40)",<5,"[50000,100000)"
14/12/2018 17:09:17,33.0,Male,Berlin,12.0,Senior,75000.0,English,1000+,Other,"[30,40)","[10,20)","[50000,100000)"
14/12/2018 17:09:32,30.0,Male,Baden-Württemberg ,8.0,Senior,70000.0,English,10-50,Startup,"[30,40)","[5,10)","[50000,100000)"
14/12/2018 17:11:47,30.0,Male,Berlin,11.0,Senior,65000.0,English,50-100,Startup,"[30,40)","[10,20)","[50000,100000)"
14/12/2018 17:13:28,31.0,Female,Berlin,8.0,Senior,55800.0,German,1000+,Product,"[30,40)","[5,10)","[50000,100000)"
14/12/2018 17:28:55,26.0,Male,Berlin,4.0,Middle,55000.0,English,1000+,Product,"[20,30)",<5,"[50000,100000)"
14/12/2018 17:36:48,27.0,Male,Berlin,5.0,Middle,55000.0,English,1000+,Product,"[20,30)","[5,10)","[50000,100000)"
14/12/2018 17:45:50,34.0,Male,Berlin,7.0,Senior,70000.0,German,100-1000,Product,"[30,40)","[5,10)","[50000,100000)"
14/12/2018 17:47:16,35.0,Male,Berlin,12.0,Senior,63000.0,English,100-1000,Product,"[30,40)","[10,20)","[50000,100000)"
14/12/2018 17:47:38,29.0,Male,Berlin,8.0,Senior,115000.0,English,1000+,Product,"[20,30)","[5,10)","[100000,150000)"
14/12/2018 17:52:18,28.0,Male,München,2.0,Middle,52000.0,German,100-1000,Consulting / Agency,"[20,30)",<5,"[50000,100000)"
14/12/2018 17:54:53,39.0,Male,Frankfurt,13.0,Senior,176000.0,English,1000+,Product,"[30,40)","[10,20)","[150000,200000)"
14/12/2018 17:55:01,35.0,Male,München,14.0,Senior,70000.0,English,up to 10,Startup,"[30,40)","[10,20)","[50000,100000)"
14/12/2018 18:09:11,31.0,Female,Frankonia,7.0,Senior,44000.0,English,100-1000,Product,"[30,40)","[5,10)","[20000,50000)"
14/12/2018 18:09:27,26.0,Male,Berlin,2.5,Middle,50000.0,English,up to 10,Startup,"[20,30)",<5,"[50000,100000)"
14/12/2018 18:12:52,26.0,Male,München,4.0,Middle,58000.0,English,100-1000,Consulting / Agency,"[20,30)",<5,"[50000,100000)"
14/12/2018 18:16:05,,Male,Berlin,9.0,Middle,60000.0,English,10-50,Startup,Unknown,"[5,10)","[50000,100000)"
14/12/2018 18:19:11,42.0,Male,Stuttgart ,3.0,Senior,60000.0,German,1000+,Other,"[40,50)",<5,"[50000,100000)"
14/12/2018 18:19:43,27.0,Male,Berlin,3.0,Senior,64000.0,English,100-1000,Startup,"[20,30)",<5,"[50000,100000)"
14/12/2018 18:19:59,38.0,Male,Berlin,5.0,Senior,80000.0,English,10-50,Product,"[30,40)","[5,10)","[50000,100000)"
14/12/2018 18:21:16,24.0,Male,München,2.0,Middle,58000.0,English,10-50,Startup,"[20,30)",<5,"[50000,100000)"
14/12/2018 18:22:41,32.0,Male,Berlin,8.0,Senior,95000.0,English,50-100,Product,"[30,40)","[5,10)","[50000,100000)"
14/12/2018 18:23:04,28.0,Female,Berlin,6.0,Middle,50000.0,English,100-1000,Startup,"[20,30)","[5,10)","[50000,100000)"
14/12/2018 18:23:11,31.0,Male,München,13.0,Senior,90000.0,English,100-1000,Product,"[30,40)","[10,20)","[50000,100000)"
14/12/2018 18:30:31,31.0,Male,Stuttgart,12.0,Senior,75000.0,English,100-1000,Product,"[30,40)","[10,20)","[50000,100000)"
14/12/2018 18:44:00,31.0,Male,Mannheim ,4.0,Senior,46000.0,German,50-100,Startup,"[30,40)",<5,"[20000,50000)"
14/12/2018 18:47:44,30.0,Male,Köln,5.0,Middle,80000.0,English,1000+,Product,"[30,40)","[5,10)","[50000,100000)"
14/12/2018 18:48:00,36.0,Male,München,5.0,Senior,92000.0,English,50-100,Consulting / Agency,"[30,40)","[5,10)","[50000,100000)"
14/12/2018 18:51:51,24.0,Male,München,4.0,Middle,60000.0,English,100-1000,Consulting / Agency,"[20,30)",<5,"[50000,100000)"
14/12/2018 18:59:10,33.0,Male,Karlsruhe,13.0,Senior,90000.0,German,up to 10,Unknown,"[30,40)","[10,20)","[50000,100000)"
14/12/2018 19:01:15,34.0,Female,München,6.0,Middle,63000.0,German,10-50,Product,"[30,40)","[5,10)","[50000,100000)"
14/12/2018 19:02:11,29.0,Male,München,8.0,Senior,75000.0,English,50-100,Product,"[20,30)","[5,10)","[50000,100000)"
14/12/2018 19:03:58,,Female,Berlin,,Senior,55000.0,English,100-1000,Startup,Unknown,Unknown,"[50000,100000)"
14/12/2018 19:04:15,22.0,Male,München,1.5,Junior,70000.0,English,1000+,Product,"[20,30)",<5,"[50000,100000)"
14/12/2018 19:05:11,42.0,Male,Stuttgart,20.0,Senior,74000.0,English,50-100,Startup,"[40,50)","[20,30)","[50000,100000)"
14/12/2018 19:07:54,29.0,Male,Berlin,5.0,Middle,65000.0,English,50-100,Product,"[20,30)","[5,10)","[50000,100000)"
14/12/2018 19:08:18,29.0,Male,Stuttgart,6.0,Senior,125000.0,English,1000+,Product,"[20,30)","[5,10)","[100000,150000)"
14/12/2018 19:12:42,35.0,Male,Berlin,10.0,Senior,68000.0,English,100-1000,Product,"[30,40)","[10,20)","[50000,100000)"
14/12/2018 19:13:13,36.0,Male,Berlin,13.0,Senior,80000.0,English,100-1000,Startup,"[30,40)","[10,20)","[50000,100000)"
14/12/2018 19:28:23,29.0,Male,München,7.0,Senior,40000.0,German,50-100,Product,"[20,30)","[5,10)","[20000,50000)"
14/12/2018 19:38:07,28.0,Male,Stuttgart ,5.0,Middle,60000.0,English,100-1000,Consulting / Agency,"[20,30)","[5,10)","[50000,100000)"
14/12/2018 19:38:08,32.0,Male,Berlin,13.0,Senior,65000.0,English,10-50,Startup,"[30,40)","[10,20)","[50000,100000)"
14/12/2018 19:43:14,38.0,Male,Berlin,15.0,Senior,92000.0,English,1000+,Product,"[30,40)","[10,20)","[50000,100000)"
14/12/2018 19:52:50,31.0,Male,Berlin,8.0,Senior,75000.0,English,100-1000,Startup,"[30,40)","[5,10)","[50000,100000)"
14/12/2018 19:54:14,,Female,Berlin,5.0,Senior,70000.0,English,1000+,Other,Unknown,"[5,10)","[50000,100000)"
14/12/2018 19:54:47,38.0,Female,München,16.0,Middle,58000.0,German,100-1000,Product,"[30,40)","[10,20)","[50000,100000)"
14/12/2018 20:13:28,30.0,Male,Berlin,6.0,Senior,76000.0,English,1000+,Other,"[30,40)","[5,10)","[50000,100000)"
14/12/2018 20:30:03,,Male,Berlin,9.0,Senior,75000.0,English,100-1000,Product,Unknown,"[5,10)","[50000,100000)"
14/12/2018 20:35:49,27.0,Male,München,6.0,Senior,65000.0,English,10-50,Startup,"[20,30)","[5,10)","[50000,100000)"
14/12/2018 20:41:56,27.0,Male,München,6.0,Senior,75000.0,English,1000+,Product,"[20,30)","[5,10)","[50000,100000)"
14/12/2018 20:53:08,36.0,Male,Berlin,12.0,Senior,80000.0,English,1000+,Product,"[30,40)","[10,20)","[50000,100000)"
14/12/2018 21:02:32,32.0,Male,München,9.0,Senior,80000.0,English,1000+,Other,"[30,40)","[5,10)","[50000,100000)"
14/12/2018 21:12:47,36.0,Male,Berlin,10.0,Unknown,83000.0,English,1000+,Product,"[30,40)","[10,20)","[50000,100000)"
14/12/2018 21:16:32,,Male,München,11.0,Senior,80000.0,German,1000+,Product,Unknown,"[10,20)","[50000,100000)"
14/12/2018 21:19:11,32.0,Male,Berlin,5.0,Senior,87000.0,English,10-50,Startup,"[30,40)","[5,10)","[50000,100000)"
14/12/2018 21:19:23,,Male,München,9.0,Senior,80000.0,English,50-100,Product,Unknown,"[5,10)","[50000,100000)"
14/12/2018 21:21:01,26.0,Male,München,3.0,Middle,58000.0,Other,50-100,Product,"[20,30)",<5,"[50000,100000)"
14/12/2018 21:51:41,39.0,Male,München,15.0,Senior,68000.0,English,100-1000,Startup,"[30,40)","[10,20)","[50000,100000)"
14/12/2018 22:07:16,25.0,Male,Berlin,3.0,Middle,48500.0,English,10-50,Product,"[20,30)",<5,"[20000,50000)"
14/12/2018 22:08:18,,Male,München,,Senior,72000.0,English,10-50,Product,Unknown,Unknown,"[50000,100000)"
14/12/2018 22:11:43,31.0,Male,Berlin,0.0,Junior,49000.0,English,1000+,Product,"[30,40)",<5,"[20000,50000)"
14/12/2018 22:22:32,52.0,Male,Unknown,7.0,Middle,34000.0,German,up to 10,Unknown,"[50,60)","[5,10)","[20000,50000)"
14/12/2018 22:23:19,26.0,Male,München,5.0,Middle,68000.0,English,100-1000,Product,"[20,30)","[5,10)","[50000,100000)"
14/12/2018 22:24:18,28.0,Male,Berlin,7.0,Senior,75000.0,English,50-100,Startup,"[20,30)","[5,10)","[50000,100000)"
14/12/2018 22:26:29,31.0,Male,Berlin,10.0,Senior,95000.0,English,1000+,Startup,"[30,40)","[10,20)","[50000,100000)"
14/12/2018 22:30:49,26.0,Male,München,7.0,Middle,70500.0,English,1000+,Product,"[20,30)","[5,10)","[50000,100000)"
14/12/2018 22:33:44,32.0,Male,Berlin,12.0,Senior,65000.0,English,100-1000,Product,"[30,40)","[10,20)","[50000,100000)"
14/12/2018 22:33:46,50.0,Female,Bayern,20.0,Senior,96000.0,German,100-1000,Product,"[50,60)","[20,30)","[50000,100000)"
14/12/2018 22:34:49,22.0,Male,Berlin,5.0,Middle,65000.0,English,1000+,Product,"[20,30)","[5,10)","[50000,100000)"
14/12/2018 22:46:56,34.0,Male,München,11.0,Senior,83000.0,Other,100-1000,Product,"[30,40)","[10,20)","[50000,100000)"
14/12/2018 22:51:33,,Female,München,4.0,Middle,78000.0,English,100-1000,Product,Unknown,<5,"[50000,100000)"
14/12/2018 23:07:56,33.0,Female,Berlin,4.0,Middle,45000.0,English,up to 10,Startup,"[30,40)",<5,"[20000,50000)"
14/12/2018 23:32:06,,Male,Berlin,8.0,Middle,65000.0,English,100-1000,Product,Unknown,"[5,10)","[50000,100000)"
14/12/2018 23:40:57,37.0,Male,München,10.0,Senior,120000.0,German,1000+,Product,"[30,40)","[10,20)","[100000,150000)"
14/12/2018 23:53:16,38.0,Male,Berlin,5.0,Senior,85000.0,English,1000+,Product,"[30,40)","[5,10)","[50000,100000)"
14/12/2018 23:55:34,,Male,Stuttgart,3.0,Middle,65000.0,English,50-100,Product,Unknown,<5,"[50000,100000)"
15/12/2018 00:16:42,37.0,Male,Tübingen,15.0,Senior,65000.0,English,50-100,Product,"[30,40)","[10,20)","[50000,100000)"
15/12/2018 00:27:54,34.0,Male,Berlin,10.0,Senior,86000.0,English,100-1000,Product,"[30,40)","[10,20)","[50000,100000)"
15/12/2018 00:29:01,28.0,Male,Berlin,3.0,Middle,68000.0,English,10-50,Product,"[20,30)",<5,"[50000,100000)"
15/12/2018 00:31:39,31.0,Male,Berlin,11.0,Senior,61000.0,English,100-1000,Product,"[30,40)","[10,20)","[50000,100000)"
15/12/2018 00:51:51,25.0,Male,Berlin,5.0,Senior,60000.0,English,10-50,Product,"[20,30)","[5,10)","[50000,100000)"
15/12/2018 01:05:26,25.0,Male,Berlin,4.0,Middle,48000.0,English,10-50,Consulting / Agency,"[20,30)",<5,"[20000,50000)"
15/12/2018 01:09:43,29.0,Male,Berlin,10.0,Senior,75000.0,English,100-1000,Startup,"[20,30)","[10,20)","[50000,100000)"
15/12/2018 01:19:44,28.0,Male,München,5.0,Middle,65000.0,Other,1000+,Product,"[20,30)","[5,10)","[50000,100000)"
15/12/2018 01:42:11,49.0,Male,Frankfurt,20.0,Senior,120000.0,English,1000+,Unknown,"[40,50)","[20,30)","[100000,150000)"
15/12/2018 01:59:53,38.0,Male,Stuttgart,18.0,Senior,84000.0,Other,up to 10,Consulting / Agency,"[30,40)","[10,20)","[50000,100000)"
15/12/2018 03:11:43,26.0,Male,München,4.0,Middle,54000.0,English,50-100,Product,"[20,30)",<5,"[50000,100000)"
15/12/2018 03:41:51,25.0,Female,Berlin,1.0,Junior,40000.0,German,10-50,Product,"[20,30)",<5,"[20000,50000)"
15/12/2018 05:40:22,43.0,Male,München,10.0,Senior,61000.0,English,100-1000,Product,"[40,50)","[10,20)","[50000,100000)"
15/12/2018 06:04:26,35.0,Male,München,15.0,Senior,85000.0,German,100-1000,Product,"[30,40)","[10,20)","[50000,100000)"
15/12/2018 07:10:41,31.0,Male,Köln,2.5,Unknown,35000.0,German,10-50,Consulting / Agency,"[30,40)",<5,"[20000,50000)"
15/12/2018 07:21:46,27.0,Male,München,6.0,Senior,68000.0,English,100-1000,Startup,"[20,30)","[5,10)","[50000,100000)"
15/12/2018 07:45:54,33.0,Male,München,12.0,Senior,75000.0,English,10-50,Startup,"[30,40)","[10,20)","[50000,100000)"
15/12/2018 08:33:32,,Male,Berlin,10.0,Senior,96000.0,English,up to 10,Product,Unknown,"[10,20)","[50000,100000)"
15/12/2018 08:40:51,40.0,Male,Köln,15.0,Senior,70000.0,English,100-1000,Product,"[40,50)","[10,20)","[50000,100000)"
15/12/2018 08:57:08,32.0,Male,Berlin,5.0,Senior,55000.0,English,10-50,Product,"[30,40)","[5,10)","[50000,100000)"
15/12/2018 09:05:31,,Male,Berlin,10.0,Senior,50000.0,English,50-100,Product,Unknown,"[10,20)","[50000,100000)"
15/12/2018 09:06:45,,Female,Berlin,10.0,Senior,57000.0,English,100-1000,Product,Unknown,"[10,20)","[50000,100000)"
15/12/2018 09:16:51,32.0,Male,Berlin,8.0,Senior,60000.0,English,1000+,Product,"[30,40)","[5,10)","[50000,100000)"
15/12/2018 09:25:30,31.0,Female,Berlin,10.0,Senior,44000.0,English,100-1000,Startup,"[30,40)","[10,20)","[20000,50000)"
15/12/2018 09:26:39,36.0,Male,München,10.0,Senior,95000.0,German,1000+,Product,"[30,40)","[10,20)","[50000,100000)"
15/12/2018 09:37:47,,Female,Frankfurt,5.0,Middle,55000.0,German,10-50,Startup,Unknown,"[5,10)","[50000,100000)"
15/12/2018 10:03:26,,Male,München,18.0,Senior,67000.0,English,100-1000,Product,Unknown,"[10,20)","[50000,100000)"
15/12/2018 10:11:07,31.0,Female,Berlin,8.0,Middle,46000.0,English,100-1000,Product,"[30,40)","[5,10)","[20000,50000)"
15/12/2018 10:12:07,30.0,Male,Berlin,9.0,Senior,90000.0,English,up to 10,Consulting / Agency,"[30,40)","[5,10)","[50000,100000)"
15/12/2018 10:26:31,33.0,Male,München,11.0,Senior,92000.0,English,50-100,Unknown,"[30,40)","[10,20)","[50000,100000)"
15/12/2018 10:27:44,33.0,Male,Berlin,16.0,Senior,95000.0,English,10-50,Product,"[30,40)","[10,20)","[50000,100000)"
15/12/2018 10:29:47,38.0,Male,München,5.0,Senior,70000.0,English,10-50,Startup,"[30,40)","[5,10)","[50000,100000)"
15/12/2018 10:40:52,30.0,Male,Unknown,11.0,Senior,115000.0,English,1000+,Unknown,"[30,40)","[10,20)","[100000,150000)"
15/12/2018 10:43:27,28.0,Male,Berlin,7.0,Senior,70000.0,English,100-1000,Startup,"[20,30)","[5,10)","[50000,100000)"
15/12/2018 10:45:12,37.0,Male,Brno,17.0,Middle,35000.0,English,100-1000,Product,"[30,40)","[10,20)","[20000,50000)"
15/12/2018 10:47:27,26.0,Male,Berlin,7.0,Senior,60000.0,English,100-1000,Product,"[20,30)","[5,10)","[50000,100000)"
15/12/2018 10:50:57,31.0,Male,München,9.0,Senior,90000.0,English,1000+,Product,"[30,40)","[5,10)","[50000,100000)"
15/12/2018 10:51:04,31.0,Male,München,9.0,Senior,90000.0,English,1000+,Product,"[30,40)","[5,10)","[50000,100000)"
15/12/2018 10:52:39,37.0,Male,Berlin,17.0,Senior,80000.0,English,50-100,Startup,"[30,40)","[10,20)","[50000,100000)"
15/12/2018 10:52:50,,Male,München,5.0,Middle,90000.0,English,1000+,Product,Unknown,"[5,10)","[50000,100000)"
15/12/2018 10:55:32,33.0,Male,München,13.0,Senior,72000.0,Other,10-50,Startup,"[30,40)","[10,20)","[50000,100000)"
15/12/2018 10:58:28,38.0,Male,Berlin,5.0,Senior,55000.0,German,100-1000,Consulting / Agency,"[30,40)","[5,10)","[50000,100000)"
15/12/2018 11:02:41,30.0,Male,Berlin,2.5,Middle,52000.0,English,50-100,Product,"[30,40)",<5,"[50000,100000)"
15/12/2018 11:04:08,37.0,Male,Dresden,10.0,Senior,53000.0,German,100-1000,Product,"[30,40)","[10,20)","[50000,100000)"
15/12/2018 11:12:37,30.0,Male,Berlin,8.0,Senior,72000.0,English,1000+,Product,"[30,40)","[5,10)","[50000,100000)"
15/12/2018 11:13:19,31.0,Male,Unknown,12.0,Senior,80000.0,English,1000+,Unknown,"[30,40)","[10,20)","[50000,100000)"
15/12/2018 11:13:33,41.0,Male,München,20.0,Unknown,200000.0,German,up to 10,Startup,"[40,50)","[20,30)",>=200000
15/12/2018 11:14:22,27.0,Male,Berlin,5.0,Middle,63000.0,English,1000+,Other,"[20,30)","[5,10)","[50000,100000)"
15/12/2018 11:17:09,30.0,Male,Berlin,,Senior,73300.0,English,1000+,Product,"[30,40)",Unknown,"[50000,100000)"
15/12/2018 11:22:15,,Male,München,10.0,Senior,115000.0,English,1000+,Other,Unknown,"[10,20)","[100000,150000)"
15/12/2018 11:27:53,34.0,Male,Berlin,12.0,Senior,73500.0,English,100-1000,Product,"[30,40)","[10,20)","[50000,100000)"
15/12/2018 11:33:00,31.0,Male,Berlin,10.0,Senior,83000.0,English,1000+,Product,"[30,40)","[10,20)","[50000,100000)"
15/12/2018 11:38:11,33.0,Male,Krakow,7.0,Senior,42000.0,English,100-1000,Other,"[30,40)","[5,10)","[20000,50000)"
15/12/2018 11:44:15,39.0,Female,München,5.0,Middle,56000.0,English,1000+,Product,"[30,40)","[5,10)","[50000,100000)"
15/12/2018 11:45:48,30.0,Male,Berlin,9.0,Senior,130000.0,English,1000+,Product,"[30,40)","[5,10)","[100000,150000)"
15/12/2018 12:07:50,30.0,Male,Berlin,,Senior,70000.0,English,100-1000,Startup,"[30,40)",Unknown,"[50000,100000)"
15/12/2018 12:11:10,24.0,Male,Berlin,5.0,Middle,45000.0,English,100-1000,Startup,"[20,30)","[5,10)","[20000,50000)"
15/12/2018 12:15:22,,Male,Dublin,7.0,Senior,57000.0,English,50-100,Product,Unknown,"[5,10)","[50000,100000)"
15/12/2018 12:16:26,29.0,Female,Amsterdam,4.0,Middle,58000.0,English,10-50,Startup,"[20,30)",<5,"[50000,100000)"
15/12/2018 12:18:59,30.0,Male,Amsterdam,8.0,Senior,65000.0,English,1000+,Unknown,"[30,40)","[5,10)","[50000,100000)"
15/12/2018 12:21:06,23.0,Male,Eindhoven,5.0,Senior,47500.0,English,50-100,Product,"[20,30)","[5,10)","[20000,50000)"
15/12/2018 12:22:50,33.0,Male,München,12.0,Middle,70000.0,English,Unknown,Product,"[30,40)","[10,20)","[50000,100000)"
15/12/2018 12:24:14,21.0,Male,Amsterdam,4.0,Middle,90000.0,English,1000+,Product,"[20,30)",<5,"[50000,100000)"
15/12/2018 12:32:35,,Female,Berlin,5.0,Middle,50000.0,English,50-100,Startup,Unknown,"[5,10)","[50000,100000)"
15/12/2018 12:37:08,33.0,Male,Berlin,12.0,Senior,85000.0,English,1000+,Product,"[30,40)","[10,20)","[50000,100000)"
15/12/2018 12:39:12,30.0,Male,Amsterdam ,8.0,Senior,65000.0,English,1000+,Product,"[30,40)","[5,10)","[50000,100000)"
15/12/2018 12:39:49,34.0,Male,Berlin,5.0,Middle,62000.0,German,100-1000,Unknown,"[30,40)","[5,10)","[50000,100000)"
15/12/2018 12:40:24,40.0,Male,München,20.0,Senior,60000.0,German,10-50,Product,"[40,50)","[20,30)","[50000,100000)"
15/12/2018 12:43:25,28.0,Female,Luxembourg,8.0,Middle,66000.0,Other,100-1000,Consulting / Agency,"[20,30)","[5,10)","[50000,100000)"
15/12/2018 12:44:08,32.0,Male,Amsterdam,15.0,Senior,75000.0,English,100-1000,Product,"[30,40)","[10,20)","[50000,100000)"
15/12/2018 13:00:03,37.0,Male,Amsterdam,,Middle,70000.0,English,1000+,Product,"[30,40)",Unknown,"[50000,100000)"
15/12/2018 13:05:32,33.0,Male,Berlin,10.0,Senior,65000.0,English,10-50,Product,"[30,40)","[10,20)","[50000,100000)"
15/12/2018 13:05:37,33.0,Male,Berlin,10.0,Senior,65000.0,English,10-50,Product,"[30,40)","[10,20)","[50000,100000)"
15/12/2018 13:09:24,28.0,Male,Amsterdam,6.0,Senior,70000.0,English,100-1000,Product,"[20,30)","[5,10)","[50000,100000)"
15/12/2018 13:10:58,,Female,München,7.0,Senior,62000.0,English,1000+,Product,Unknown,"[5,10)","[50000,100000)"
15/12/2018 13:12:36,22.0,Female,München,1.0,Middle,55000.0,English,10-50,Startup,"[20,30)",<5,"[50000,100000)"
15/12/2018 13:17:44,30.0,Male,Berlin,5.0,Senior,60000.0,English,50-100,Startup,"[30,40)","[5,10)","[50000,100000)"
15/12/2018 13:22:45,25.0,Male,München,5.0,Middle,56000.0,English,1000+,Product,"[20,30)","[5,10)","[50000,100000)"
15/12/2018 14:03:17,33.0,Male,Konstanz,10.0,Middle,65000.0,English,50-100,Product,"[30,40)","[10,20)","[50000,100000)"
15/12/2018 14:24:35,25.0,Male,Amsterdam,6.0,Middle,78000.0,English,1000+,Product,"[20,30)","[5,10)","[50000,100000)"
15/12/2018 14:44:59,25.0,Male,Amsterdam,4.0,Senior,60000.0,English,100-1000,Unknown,"[20,30)",<5,"[50000,100000)"
15/12/2018 14:53:13,35.0,Male,München,12.0,Senior,85000.0,English,100-1000,Product,"[30,40)","[10,20)","[50000,100000)"
15/12/2018 15:11:34,34.0,Female,Unknown,12.0,Senior,61000.0,English,1000+,Product,"[30,40)","[10,20)","[50000,100000)"
15/12/2018 15:14:45,31.0,Male,Amsterdam,10.0,Senior,68000.0,English,1000+,Product,"[30,40)","[10,20)","[50000,100000)"
15/12/2018 15:22:44,28.0,Male,Berlin,8.0,Senior,60000.0,English,10-50,Product,"[20,30)","[5,10)","[50000,100000)"
15/12/2018 15:25:05,26.0,Male,Hamburg,5.0,Senior,81000.0,English,100-1000,Startup,"[20,30)","[5,10)","[50000,100000)"
15/12/2018 15:26:35,30.0,Male,München,3.0,Middle,61000.0,English,50-100,Product,"[30,40)",<5,"[50000,100000)"
15/12/2018 16:05:51,42.0,Male,Berlin,25.0,Senior,140000.0,English,1000+,Product,"[40,50)","[20,30)","[100000,150000)"
15/12/2018 16:14:24,39.0,Male,Berlin,6.0,Senior,52000.0,English,50-100,Product,"[30,40)","[5,10)","[50000,100000)"
15/12/2018 16:19:41,30.0,Male,Berlin,5.0,Senior,65000.0,English,100-1000,Startup,"[30,40)","[5,10)","[50000,100000)"
15/12/2018 16:20:04,,Male,Berlin,8.0,Senior,80000.0,English,1000+,Product,Unknown,"[5,10)","[50000,100000)"
15/12/2018 16:32:01,33.0,Male,Stuttgart,8.0,Middle,68000.0,German,100-1000,Product,"[30,40)","[5,10)","[50000,100000)"
15/12/2018 16:57:43,36.0,Male,Dublin ,7.0,Senior,90000.0,English,50-100,Product,"[30,40)","[5,10)","[50000,100000)"
15/12/2018 17:15:31,30.0,Male,München,6.0,Middle,80000.0,English,1000+,Product,"[30,40)","[5,10)","[50000,100000)"
15/12/2018 17:33:01,28.0,Male,Amsterdam,10.0,Senior,80000.0,English,10-50,Startup,"[20,30)","[10,20)","[50000,100000)"
15/12/2018 17:48:02,32.0,Male,München,7.0,Senior,65000.0,English,100-1000,Product,"[30,40)","[5,10)","[50000,100000)"
15/12/2018 18:02:36,30.0,Male,Amsterdam,10.0,Senior,70000.0,Other,50-100,Product,"[30,40)","[10,20)","[50000,100000)"
15/12/2018 18:14:51,30.0,Female,München,7.0,Senior,60000.0,English,10-50,Startup,"[30,40)","[5,10)","[50000,100000)"
15/12/2018 18:29:11,32.0,Male,München,10.0,Senior,60000.0,English,100-1000,Product,"[30,40)","[10,20)","[50000,100000)"
15/12/2018 18:37:23,30.0,Male,Berlin,4.0,Middle,55000.0,English,100-1000,Product,"[30,40)",<5,"[50000,100000)"
15/12/2018 19:24:59,,Male,München,8.0,Senior,65000.0,German,10-50,Product,Unknown,"[5,10)","[50000,100000)"
15/12/2018 19:51:12,25.0,Male,Karlsruhe,2.0,Middle,52000.0,German,10-50,Consulting / Agency,"[20,30)",<5,"[50000,100000)"
15/12/2018 20:17:25,43.0,Male,Berlin,20.0,Senior,75000.0,German,1000+,Consulting / Agency,"[40,50)","[20,30)","[50000,100000)"
15/12/2018 20:26:59,32.0,Male,Berlin,11.0,Senior,87000.0,English,1000+,Product,"[30,40)","[10,20)","[50000,100000)"
15/12/2018 20:43:02,30.0,Male,Berlin,8.0,Senior,66000.0,English,100-1000,Startup,"[30,40)","[5,10)","[50000,100000)"
15/12/2018 20:48:25,,Male,München,5.0,Middle,50000.0,German,10-50,Consulting / Agency,Unknown,"[5,10)","[50000,100000)"
15/12/2018 21:06:19,,Male,Frankfurt,1.0,Junior,30000.0,Other,up to 10,Product,Unknown,<5,"[20000,50000)"
15/12/2018 21:12:04,31.0,Male,Berlin,9.0,Senior,60000.0,English,1000+,Startup,"[30,40)","[5,10)","[50000,100000)"
15/12/2018 21:15:02,34.0,Male,Berlin,12.0,Senior,75000.0,English,100-1000,Startup,"[30,40)","[10,20)","[50000,100000)"
15/12/2018 21:15:37,30.0,Male,Unknown,10.0,Senior,130000.0,English,50-100,Unknown,"[30,40)","[10,20)","[100000,150000)"
15/12/2018 21:22:42,26.0,Male,München,4.0,Senior,70000.0,Other,50-100,Product,"[20,30)",<5,"[50000,100000)"
15/12/2018 21:38:11,28.0,Male,München,3.0,Middle,62000.0,German,1000+,Consulting / Agency,"[20,30)",<5,"[50000,100000)"
15/12/2018 21:41:10,34.0,Male,Berlin,8.0,Senior,53500.0,English,100-1000,Startup,"[30,40)","[5,10)","[50000,100000)"
15/12/2018 22:11:05,24.0,Male,Köln,4.0,Junior,87975.0,English,1000+,Product,"[20,30)",<5,"[50000,100000)"
15/12/2018 22:24:04,31.0,Male,Berlin,10.0,Senior,60000.0,English,100-1000,Product,"[30,40)","[10,20)","[50000,100000)"
15/12/2018 22:24:07,31.0,Female,Eindhoven,4.0,Middle,,English,50-100,Product,"[30,40)",<5,Unknown
15/12/2018 22:32:31,31.0,Male,Berlin,9.0,Senior,70000.0,English,1000+,Product,"[30,40)","[5,10)","[50000,100000)"
15/12/2018 22:46:17,26.0,Male,Berlin,6.0,Senior,60000.0,English,10-50,Startup,"[20,30)","[5,10)","[50000,100000)"
15/12/2018 23:02:13,27.0,Male,München,3.0,Middle,55000.0,English,1000+,Product,"[20,30)",<5,"[50000,100000)"
15/12/2018 23:10:31,32.0,Male,Prague,11.0,Senior,70000.0,English,1000+,Product,"[30,40)","[10,20)","[50000,100000)"
15/12/2018 23:34:27,34.0,Male,München,14.0,Senior,70000.0,Other,10-50,Startup,"[30,40)","[10,20)","[50000,100000)"
16/12/2018 00:10:34,33.0,Male,Berlin,10.0,Senior,54000.0,English,50-100,Product,"[30,40)","[10,20)","[50000,100000)"
16/12/2018 00:15:34,35.0,Male,München,7.0,Senior,130000.0,English,100-1000,Product,"[30,40)","[5,10)","[100000,150000)"
16/12/2018 00:41:52,,Male,München,18.0,Senior,140000.0,German,100-1000,Consulting / Agency,Unknown,"[10,20)","[100000,150000)"
16/12/2018 01:41:06,34.0,Male,Berlin,10.0,Senior,76000.0,English,100-1000,Startup,"[30,40)","[10,20)","[50000,100000)"
16/12/2018 01:57:27,35.0,Male,Berlin,5.0,Middle,53000.0,English,100-1000,Startup,"[30,40)","[5,10)","[50000,100000)"
16/12/2018 07:33:00,30.0,Male,Moscow,10.0,Senior,31500.0,Other,1000+,Consulting / Agency,"[30,40)","[10,20)","[20000,50000)"
16/12/2018 07:36:39,36.0,Male,Stockholm,13.0,Senior,58000.0,English,50-100,Product,"[30,40)","[10,20)","[50000,100000)"
16/12/2018 10:20:57,37.0,Male,Berlin,6.0,Senior,52000.0,English,100-1000,Product,"[30,40)","[5,10)","[50000,100000)"
16/12/2018 10:39:55,30.0,Male,Berlin,9.0,Senior,75000.0,English,50-100,Startup,"[30,40)","[5,10)","[50000,100000)"
16/12/2018 10:45:23,37.0,Female,Berlin,10.0,Senior,68000.0,German,100-1000,Other,"[30,40)","[10,20)","[50000,100000)"
16/12/2018 10:49:01,28.0,Male,München,7.0,Senior,60000.0,English,10-50,Product,"[20,30)","[5,10)","[50000,100000)"
16/12/2018 10:50:12,29.0,Male,Berlin,6.0,Senior,58000.0,English,100-1000,Product,"[20,30)","[5,10)","[50000,100000)"
16/12/2018 11:11:12,37.0,Male,München,15.0,Senior,110000.0,German,1000+,Consulting / Agency,"[30,40)","[10,20)","[100000,150000)"
16/12/2018 11:17:00,30.0,Male,München,7.0,Senior,68000.0,English,100-1000,Product,"[30,40)","[5,10)","[50000,100000)"
16/12/2018 11:51:14,30.0,Male,München,9.0,Senior,70000.0,English,100-1000,Startup,"[30,40)","[5,10)","[50000,100000)"
16/12/2018 12:10:47,30.0,Male,Amsterdam ,10.0,Senior,70000.0,English,100-1000,Product,"[30,40)","[10,20)","[50000,100000)"
16/12/2018 12:50:24,32.0,Female,München,12.0,Middle,72000.0,English,100-1000,Product,"[30,40)","[10,20)","[50000,100000)"
16/12/2018 13:01:21,34.0,Male,Frankfurt,8.0,Middle,60000.0,English,100-1000,Consulting / Agency,"[30,40)","[5,10)","[50000,100000)"
16/12/2018 13:31:18,22.0,Male,"Belgrade, Serbia",10.0,Senior,120000.0,English,100-1000,Consulting / Agency,"[20,30)","[10,20)","[100000,150000)"
16/12/2018 14:59:51,35.0,Male,Kyiv,10.0,Senior,43000.0,Other,10-50,Product,"[30,40)","[10,20)","[20000,50000)"
16/12/2018 15:55:00,28.0,Female,München,1.0,Junior,60000.0,German,1000+,Other,"[20,30)",<5,"[50000,100000)"
16/12/2018 17:20:10,29.0,Male,Berlin,7.0,Senior,70000.0,English,100-1000,Product,"[20,30)","[5,10)","[50000,100000)"
16/12/2018 17:58:53,34.0,Female,Berlin,4.0,Senior,48000.0,English,10-50,Startup,"[30,40)",<5,"[20000,50000)"
16/12/2018 18:16:01,31.0,Female,München,4.0,Middle,67000.0,English,1000+,Product,"[30,40)",<5,"[50000,100000)"
16/12/2018 18:18:30,28.0,Female,Berlin,1.0,Middle,36000.0,English,10-50,Startup,"[20,30)",<5,"[20000,50000)"
16/12/2018 18:58:21,25.0,Male,Berlin,3.0,Middle,75000.0,English,50-100,Product,"[20,30)",<5,"[50000,100000)"
16/12/2018 19:01:40,30.0,Male,Frankfurt,9.0,Middle,65000.0,English,100-1000,Other,"[30,40)","[5,10)","[50000,100000)"
16/12/2018 19:14:58,37.0,Male,Berlin,6.0,Senior,63000.0,English,100-1000,Product,"[30,40)","[5,10)","[50000,100000)"
16/12/2018 19:20:34,33.0,Female,München,11.0,Senior,60000.0,English,100-1000,Other,"[30,40)","[10,20)","[50000,100000)"
16/12/2018 19:25:43,34.0,Male,Amsterdam,10.0,Senior,57000.0,English,50-100,Product,"[30,40)","[10,20)","[50000,100000)"
16/12/2018 19:53:03,30.0,Male,Frankfurt,7.0,Senior,112000.0,German,100-1000,Product,"[30,40)","[5,10)","[100000,150000)"
16/12/2018 20:13:37,27.0,Male,Berlin,11.0,Senior,100000.0,English,1000+,Other,"[20,30)","[10,20)","[100000,150000)"
16/12/2018 20:20:45,30.0,Male,München,5.0,Senior,72000.0,English,up to 10,Startup,"[30,40)","[5,10)","[50000,100000)"
16/12/2018 21:06:21,30.0,Female,Berlin,11.0,Senior,78000.0,English,1000+,Startup,"[30,40)","[10,20)","[50000,100000)"
16/12/2018 21:14:16,32.0,Female,München,3.0,Junior,44000.0,German,100-1000,Product,"[30,40)",<5,"[20000,50000)"
16/12/2018 21:28:14,31.0,Male,Nürnberg,6.0,Middle,59000.0,German,1000+,Consulting / Agency,"[30,40)","[5,10)","[50000,100000)"
16/12/2018 21:48:16,38.0,Male,München,10.0,Senior,66000.0,German,100-1000,Product,"[30,40)","[10,20)","[50000,100000)"
16/12/2018 22:04:56,,Male,München,11.0,Senior,60000.0,English,up to 10,Startup,Unknown,"[10,20)","[50000,100000)"
16/12/2018 23:03:08,36.0,Male,Hamburg,10.0,Senior,65000.0,English,100-1000,Product,"[30,40)","[10,20)","[50000,100000)"
17/12/2018 00:02:54,31.0,Female,München,9.0,Middle,47000.0,English,10-50,Consulting / Agency,"[30,40)","[5,10)","[20000,50000)"
17/12/2018 00:07:22,33.0,Male,Amsterdam,9.0,Middle,60000.0,English,100-1000,Product,"[30,40)","[5,10)","[50000,100000)"
17/12/2018 06:07:53,36.0,Male,Unknown,12.0,Senior,72000.0,English,1000+,Unknown,"[30,40)","[10,20)","[50000,100000)"
17/12/2018 07:09:56,26.0,Male,München,5.0,Senior,68400.0,English,1000+,Consulting / Agency,"[20,30)","[5,10)","[50000,100000)"
17/12/2018 07:56:36,37.0,Male,Berlin,15.0,Senior,55000.0,German,100-1000,Product,"[30,40)","[10,20)","[50000,100000)"
17/12/2018 08:14:34,31.0,Male,München,12.0,Senior,60000.0,English,1000+,Product,"[30,40)","[10,20)","[50000,100000)"
17/12/2018 08:37:06,29.0,Male,München,9.0,Senior,70000.0,English,50-100,Startup,"[20,30)","[5,10)","[50000,100000)"
17/12/2018 09:16:45,30.0,Male,München,8.0,Senior,65000.0,English,1000+,Product,"[30,40)","[5,10)","[50000,100000)"
17/12/2018 10:07:20,43.0,Male,Berlin,18.0,Senior,70000.0,German,50-100,Product,"[40,50)","[10,20)","[50000,100000)"
17/12/2018 10:45:22,30.0,Male,München,10.0,Senior,80000.0,Other,100-1000,Product,"[30,40)","[10,20)","[50000,100000)"
17/12/2018 11:00:28,29.0,Female,Berlin,1.0,Junior,47000.0,English,100-1000,Product,"[20,30)",<5,"[20000,50000)"
17/12/2018 11:19:25,32.0,Male,Berlin,12.0,Senior,66000.0,English,50-100,Startup,"[30,40)","[10,20)","[50000,100000)"
17/12/2018 11:22:40,42.0,Male,Karlskrona,15.0,Senior,67200.0,English,1000+,Product,"[40,50)","[10,20)","[50000,100000)"
17/12/2018 11:37:08,31.0,Unknown,München,14.0,Senior,85000.0,English,1000+,Product,"[30,40)","[10,20)","[50000,100000)"
17/12/2018 12:11:26,36.0,Male,Berlin,15.0,Senior,89000.0,English,10-50,Startup,"[30,40)","[10,20)","[50000,100000)"
17/12/2018 13:17:43,31.0,Male,Berlin,6.0,Senior,72000.0,English,1000+,Product,"[30,40)","[5,10)","[50000,100000)"
17/12/2018 13:21:02,28.0,Male,München,5.0,Senior,69000.0,English,1000+,Product,"[20,30)","[5,10)","[50000,100000)"
17/12/2018 14:07:36,34.0,Male,Berlin,15.0,Senior,60000.0,English,1000+,Product,"[30,40)","[10,20)","[50000,100000)"
17/12/2018 14:07:40,36.0,Male,Berlin,2.0,Middle,53000.0,English,50-100,Startup,"[30,40)",<5,"[50000,100000)"
17/12/2018 14:11:08,43.0,Male,Berlin,16.0,Senior,86000.0,German,50-100,Consulting / Agency,"[40,50)","[10,20)","[50000,100000)"
17/12/2018 14:23:30,29.0,Male,Krakau,11.0,Senior,45000.0,English,1000+,Other,"[20,30)","[10,20)","[20000,50000)"
17/12/2018 14:25:20,27.0,Male,München,5.0,Senior,72000.0,Other,50-100,Startup,"[20,30)","[5,10)","[50000,100000)"
17/12/2018 14:50:45,30.0,Male,München,3.0,Middle,65000.0,German,1000+,Product,"[30,40)",<5,"[50000,100000)"
17/12/2018 14:57:03,28.0,Female,Vienna,6.0,Senior,75000.0,English,10-50,Product,"[20,30)","[5,10)","[50000,100000)"
17/12/2018 15:37:57,22.0,Male,München,3.0,Junior,47000.0,German,100-1000,Consulting / Agency,"[20,30)",<5,"[20000,50000)"
17/12/2018 15:40:30,25.0,Male,Berlin,6.0,Senior,60000.0,English,100-1000,Product,"[20,30)","[5,10)","[50000,100000)"
17/12/2018 15:55:56,28.0,Male,München,6.0,Middle,50000.0,English,100-1000,Consulting / Agency,"[20,30)","[5,10)","[50000,100000)"
17/12/2018 16:01:29,36.0,Male,Berlin,8.0,Senior,55000.0,English,10-50,Startup,"[30,40)","[5,10)","[50000,100000)"
17/12/2018 16:14:23,35.0,Male,London,12.0,Senior,111000.0,English,100-1000,Product,"[30,40)","[10,20)","[100000,150000)"
17/12/2018 16:16:50,28.0,Female,Stockholm,6.0,Middle,40800.0,English,100-1000,Product,"[20,30)","[5,10)","[20000,50000)"
17/12/2018 16:18:13,48.0,Male,Bitburg,18.0,Senior,92100.0,German,100-1000,Product,"[40,50)","[10,20)","[50000,100000)"
17/12/2018 16:18:33,23.0,Male,Nürnberg,5.0,Middle,73000.0,English,1000+,Product,"[20,30)","[5,10)","[50000,100000)"
17/12/2018 16:19:47,24.0,Male,Berlin,4.0,Middle,54000.0,English,10-50,Product,"[20,30)",<5,"[50000,100000)"
17/12/2018 16:25:33,25.0,Male,Gdansk,3.0,Senior,38000.0,English,1000+,Other,"[20,30)",<5,"[20000,50000)"
17/12/2018 16:46:55,30.0,Male,Berlin,8.0,Senior,75000.0,English,1000+,Product,"[30,40)","[5,10)","[50000,100000)"
17/12/2018 16:59:49,28.0,Male,Berlin,8.0,Senior,66000.0,English,10-50,Product,"[20,30)","[5,10)","[50000,100000)"
17/12/2018 17:08:52,31.0,Male,Berlin,9.0,Senior,70000.0,English,50-100,Product,"[30,40)","[5,10)","[50000,100000)"
17/12/2018 17:09:25,31.0,Male,Stuttgart,10.0,Senior,60000.0,English,10-50,Product,"[30,40)","[10,20)","[50000,100000)"
17/12/2018 17:28:36,27.0,Male,Berlin,8.0,Senior,70000.0,English,100-1000,Product,"[20,30)","[5,10)","[50000,100000)"
17/12/2018 17:53:50,,Female,Berlin,1.0,Junior,10300.0,German,100-1000,Product,Unknown,<5,<20000
17/12/2018 18:24:15,30.0,Male,München,9.0,Senior,75000.0,English,1000+,Product,"[30,40)","[5,10)","[50000,100000)"
17/12/2018 18:35:33,,Male,Berlin,30.0,Senior,65000.0,English,50-100,Startup,Unknown,>=30,"[50000,100000)"
17/12/2018 18:36:29,25.0,Male,Poland,2.5,Middle,24000.0,Other,1000+,Product,"[20,30)",<5,"[20000,50000)"
17/12/2018 18:58:02,23.0,Male,München,2.0,Middle,52000.0,German,50-100,Consulting / Agency,"[20,30)",<5,"[50000,100000)"
17/12/2018 19:02:21,33.0,Male,Prague,10.0,Senior,39600.0,English,1000+,Other,"[30,40)","[10,20)","[20000,50000)"
17/12/2018 19:18:13,31.0,Male,München,9.0,Middle,64400.0,English,100-1000,Product,"[30,40)","[5,10)","[50000,100000)"
17/12/2018 20:23:15,33.0,Male,Düsseldorf,12.0,Senior,57000.0,Other,up to 10,Product,"[30,40)","[10,20)","[50000,100000)"
17/12/2018 20:30:05,,Male,Frankfurt,9.0,Senior,52000.0,English,1000+,Product,Unknown,"[5,10)","[50000,100000)"
17/12/2018 20:49:55,31.0,Male,Luxembourg,6.0,Middle,77000.0,English,1000+,Product,"[30,40)","[5,10)","[50000,100000)"
17/12/2018 21:46:00,,Male,München,20.0,Senior,48000.0,English,1000+,Consulting / Agency,Unknown,"[20,30)","[20000,50000)"
17/12/2018 21:53:50,34.0,Male,Berlin,12.0,Senior,67000.0,English,100-1000,Startup,"[30,40)","[10,20)","[50000,100000)"
17/12/2018 22:22:14,32.0,Male,Berlin,5.0,Senior,55000.0,English,10-50,Product,"[30,40)","[5,10)","[50000,100000)"
17/12/2018 23:00:51,31.0,Male,Berlin,9.0,Senior,85000.0,English,1000+,Product,"[30,40)","[5,10)","[50000,100000)"
17/12/2018 23:02:20,33.0,Male,Stuttgart,8.0,Senior,57800.0,English,100-1000,Product,"[30,40)","[5,10)","[50000,100000)"
17/12/2018 23:16:24,26.0,Male,Berlin,4.0,Middle,20400.0,English,10-50,Product,"[20,30)",<5,"[20000,50000)"
17/12/2018 23:36:53,30.0,Male,Krakow,7.0,Senior,44000.0,Other,1000+,Other,"[30,40)","[5,10)","[20000,50000)"
18/12/2018 00:05:45,33.0,Female,London,10.0,Senior,70000.0,English,100-1000,Consulting / Agency,"[30,40)","[10,20)","[50000,100000)"
18/12/2018 01:03:19,25.0,Male,Unknown,2.0,Middle,24000.0,Other,10-50,Product,"[20,30)",<5,"[20000,50000)"
18/12/2018 01:03:23,25.0,Male,Unknown,2.0,Middle,24000.0,Other,10-50,Product,"[20,30)",<5,"[20000,50000)"
18/12/2018 02:42:05,26.0,Female,München,4.0,Middle,47300.0,English,50-100,Product,"[20,30)",<5,"[20000,50000)"
18/12/2018 06:50:08,45.0,Male,Berlin,8.0,Middle,53000.0,German,1000+,Consulting / Agency,"[40,50)","[5,10)","[50000,100000)"
18/12/2018 09:00:13,,Male,Krakow,10.0,Senior,23162.0,English,100-1000,Product,Unknown,"[10,20)","[20000,50000)"
18/12/2018 09:10:10,36.0,Male,Ludwigsburg,10.0,Senior,100000.0,German,1000+,Other,"[30,40)","[10,20)","[100000,150000)"
18/12/2018 09:36:30,35.0,Male,München,11.0,Senior,100000.0,German,100-1000,Product,"[30,40)","[10,20)","[100000,150000)"
18/12/2018 09:44:01,38.0,Male,München,15.0,Senior,60000.0,English,up to 10,Product,"[30,40)","[10,20)","[50000,100000)"
18/12/2018 10:00:53,45.0,Female,München,,Middle,90000.0,English,1000+,Product,"[40,50)",Unknown,"[50000,100000)"
18/12/2018 10:06:00,38.0,Male,Berlin,15.0,Senior,60000.0,English,1000+,Startup,"[30,40)","[10,20)","[50000,100000)"
18/12/2018 10:10:49,35.0,Male,Berlin,13.0,Senior,60000.0,English,up to 10,Startup,"[30,40)","[10,20)","[50000,100000)"
18/12/2018 10:15:08,32.0,Male,München,10.0,Unknown,75000.0,English,1000+,Product,"[30,40)","[10,20)","[50000,100000)"
18/12/2018 10:37:10,35.0,Male,München,11.0,Middle,60000.0,English,10-50,Startup,"[30,40)","[10,20)","[50000,100000)"
18/12/2018 10:40:46,30.0,Male,Hamburg,5.0,Middle,56000.0,English,100-1000,Product,"[30,40)","[5,10)","[50000,100000)"
18/12/2018 11:14:53,32.0,Male,Berlin,7.0,Senior,55000.0,English,50-100,Startup,"[30,40)","[5,10)","[50000,100000)"
18/12/2018 11:16:23,45.0,Male,Essen,20.0,Senior,80000.0,English,1000+,Other,"[40,50)","[20,30)","[50000,100000)"
18/12/2018 11:17:41,,Male,München,18.0,Senior,75000.0,English,100-1000,Product,Unknown,"[10,20)","[50000,100000)"
18/12/2018 11:20:41,37.0,Male,Berlin,15.0,Senior,86000.0,English,10-50,Product,"[30,40)","[10,20)","[50000,100000)"
18/12/2018 11:25:57,21.0,Female,Strasbourg,2.0,Junior,17532.0,Other,1000+,Product,"[20,30)",<5,<20000
18/12/2018 11:43:01,,Male,"Alicante, Spain",5.0,Senior,34000.0,Other,50-100,Consulting / Agency,Unknown,"[5,10)","[20000,50000)"
18/12/2018 11:49:24,32.0,Male,München,10.0,Senior,69000.0,English,100-1000,Product,"[30,40)","[10,20)","[50000,100000)"
18/12/2018 11:49:42,32.0,Male,München,10.0,Senior,69000.0,English,100-1000,Product,"[30,40)","[10,20)","[50000,100000)"
18/12/2018 11:50:35,38.0,Male,Berlin,5.0,Senior,60000.0,English,up to 10,Product,"[30,40)","[5,10)","[50000,100000)"
18/12/2018 12:00:16,27.0,Male,Warsaw,2.0,Middle,19200.0,Other,50-100,Product,"[20,30)",<5,<20000
18/12/2018 12:46:46,37.0,Male,Unknown,2.0,Middle,30000.0,English,10-50,Product,"[30,40)",<5,"[20000,50000)"
18/12/2018 12:49:44,27.0,Male,München,7.0,Senior,75000.0,English,100-1000,Product,"[20,30)","[5,10)","[50000,100000)"
18/12/2018 12:56:33,35.0,Male,München,13.0,Senior,63000.0,English,1000+,Product,"[30,40)","[10,20)","[50000,100000)"
18/12/2018 13:00:19,28.0,Male,Memmingen,8.0,Senior,92000.0,English,10-50,Consulting / Agency,"[20,30)","[5,10)","[50000,100000)"
18/12/2018 13:03:59,33.0,Male,Berlin,5.0,Middle,51750.0,German,10-50,Startup,"[30,40)","[5,10)","[50000,100000)"
18/12/2018 13:22:40,34.0,Female,München,,Middle,62000.0,English,1000+,Product,"[30,40)",Unknown,"[50000,100000)"
18/12/2018 13:27:34,36.0,Male,Amsterdam,13.0,Senior,80000.0,English,100-1000,Product,"[30,40)","[10,20)","[50000,100000)"
18/12/2018 13:50:03,30.0,Female,München,5.0,Middle,58000.0,English,1000+,Product,"[30,40)","[5,10)","[50000,100000)"
18/12/2018 13:50:32,31.0,Male,Berlin,12.0,Junior,108000.0,English,100-1000,Product,"[30,40)","[10,20)","[100000,150000)"
18/12/2018 13:53:39,37.0,Male,München,15.0,Middle,72000.0,English,1000+,Product,"[30,40)","[10,20)","[50000,100000)"
18/12/2018 14:11:38,33.0,Male,Tallinn,10.0,Senior,38400.0,English,1000+,Product,"[30,40)","[10,20)","[20000,50000)"
18/12/2018 14:16:32,31.0,Male,Berlin,8.0,Senior,65000.0,English,10-50,Startup,"[30,40)","[5,10)","[50000,100000)"
18/12/2018 14:21:49,30.0,Male,Berlin,8.0,Senior,70000.0,English,1000+,Product,"[30,40)","[5,10)","[50000,100000)"
18/12/2018 14:23:48,31.0,Female,München,6.0,Middle,51000.0,English,50-100,Product,"[30,40)","[5,10)","[50000,100000)"
18/12/2018 14:28:00,24.0,Female,München,4.0,Middle,57000.0,English,10-50,Consulting / Agency,"[20,30)",<5,"[50000,100000)"
18/12/2018 14:28:27,36.0,Male,Berlin,15.0,Senior,75000.0,English,100-1000,Product,"[30,40)","[10,20)","[50000,100000)"
18/12/2018 14:55:05,40.0,Male,München,12.0,Senior,69600.0,English,100-1000,Product,"[40,50)","[10,20)","[50000,100000)"
18/12/2018 15:21:18,33.0,Male,Köln,10.0,Senior,85000.0,German,100-1000,Product,"[30,40)","[10,20)","[50000,100000)"
18/12/2018 15:27:24,34.0,Male,München,10.0,Senior,68000.0,English,100-1000,Product,"[30,40)","[10,20)","[50000,100000)"
18/12/2018 15:31:57,31.0,Male,München,9.0,Senior,65000.0,English,1000+,Product,"[30,40)","[5,10)","[50000,100000)"
18/12/2018 15:36:09,37.0,Male,Stuttgart,6.0,Senior,58500.0,German,100-1000,Product,"[30,40)","[5,10)","[50000,100000)"
18/12/2018 15:48:51,32.0,Male,Berlin,9.0,Senior,130000.0,English,50-100,Startup,"[30,40)","[5,10)","[100000,150000)"
18/12/2018 16:15:47,32.0,Male,Frankfurt,10.0,Senior,80000.0,English,1000+,Consulting / Agency,"[30,40)","[10,20)","[50000,100000)"
18/12/2018 16:28:33,30.0,Male,Berlin,12.0,Senior,65000.0,English,50-100,Startup,"[30,40)","[10,20)","[50000,100000)"
18/12/2018 16:36:17,42.0,Male,Berlin,15.0,Senior,68000.0,English,50-100,Product,"[40,50)","[10,20)","[50000,100000)"
18/12/2018 17:15:11,32.0,Male,Dublin,10.0,Senior,96000.0,English,100-1000,Product,"[30,40)","[10,20)","[50000,100000)"
18/12/2018 17:34:39,,Male,Zurich,,Unknown,150000.0,English,1000+,Product,Unknown,Unknown,"[150000,200000)"
18/12/2018 17:43:31,35.0,Male,Hamburg,15.0,Senior,60000.0,German,10-50,Startup,"[30,40)","[10,20)","[50000,100000)"
18/12/2018 18:58:10,29.0,Male,München,11.0,Senior,120000.0,English,50-100,Startup,"[20,30)","[10,20)","[100000,150000)"
18/12/2018 19:09:28,27.0,Female,München,6.0,Middle,70000.0,English,100-1000,Product,"[20,30)","[5,10)","[50000,100000)"
18/12/2018 19:16:53,30.0,Male,Unknown,9.0,Middle,44000.0,English,100-1000,Product,"[30,40)","[5,10)","[20000,50000)"
18/12/2018 19:59:16,27.0,Male,Hamburg,5.0,Middle,58500.0,Unknown,100-1000,Consulting / Agency,"[20,30)","[5,10)","[50000,100000)"
18/12/2018 20:17:49,30.0,Female,Berlin,9.0,Middle,55000.0,English,100-1000,Startup,"[30,40)","[5,10)","[50000,100000)"
18/12/2018 20:31:26,30.0,Male,München,6.0,Senior,70000.0,English,50-100,Startup,"[30,40)","[5,10)","[50000,100000)"
18/12/2018 20:35:56,28.0,Male,München,7.0,Middle,60000.0,English,50-100,Startup,"[20,30)","[5,10)","[50000,100000)"
18/12/2018 20:46:41,33.0,Male,oslo,,Senior,80000.0,English,up to 10,Startup,"[30,40)",Unknown,"[50000,100000)"
18/12/2018 21:06:49,25.0,Male,Münster,4.0,Middle,42000.0,English,1000+,Product,"[20,30)",<5,"[20000,50000)"
18/12/2018 21:12:58,35.0,Male,Krakow,7.0,Senior,47000.0,English,100-1000,Product,"[30,40)","[5,10)","[20000,50000)"
18/12/2018 21:43:22,31.0,Male,München,7.0,Senior,68000.0,English,100-1000,Product,"[30,40)","[5,10)","[50000,100000)"
18/12/2018 21:53:24,33.0,Male,München,4.0,Middle,65000.0,German,1000+,Consulting / Agency,"[30,40)",<5,"[50000,100000)"
18/12/2018 21:55:11,,Female,Unknown,10.0,Senior,56000.0,German,10-50,Product,Unknown,"[10,20)","[50000,100000)"
18/12/2018 21:55:29,32.0,Male,Unknown,11.0,Senior,65000.0,English,50-100,Consulting / Agency,"[30,40)","[10,20)","[50000,100000)"
18/12/2018 22:20:17,,Female,Berlin,2.0,Junior,47250.0,English,100-1000,Startup,Unknown,<5,"[20000,50000)"
18/12/2018 22:23:02,33.0,Male,Berlin,12.0,Senior,87000.0,English,1000+,Product,"[30,40)","[10,20)","[50000,100000)"
18/12/2018 22:30:11,32.0,Male,München,12.0,Senior,85000.0,English,100-1000,Product,"[30,40)","[10,20)","[50000,100000)"
18/12/2018 22:40:10,35.0,Female,München,3.0,Junior,39000.0,English,100-1000,Product,"[30,40)",<5,"[20000,50000)"
18/12/2018 23:13:00,40.0,Female,Frankfurt,4.0,Middle,65000.0,German,100-1000,Unknown,"[40,50)",<5,"[50000,100000)"
19/12/2018 00:39:49,28.0,Male,Berlin,6.0,Senior,65000.0,English,10-50,Startup,"[20,30)","[5,10)","[50000,100000)"
19/12/2018 09:46:25,35.0,Male,München,13.0,Senior,65000.0,German,1000+,Product,"[30,40)","[10,20)","[50000,100000)"
19/12/2018 10:19:56,34.0,Male,Berlin,15.0,Senior,69000.0,English,100-1000,Product,"[30,40)","[10,20)","[50000,100000)"
19/12/2018 10:27:08,31.0,Male,Berlin,8.0,Senior,77000.0,English,100-1000,Product,"[30,40)","[5,10)","[50000,100000)"
19/12/2018 10:33:03,32.0,Male,Berlin,7.0,Senior,73000.0,German,100-1000,Product,"[30,40)","[5,10)","[50000,100000)"
19/12/2018 10:34:21,32.0,Male,Berlin,10.0,Senior,65000.0,English,100-1000,Product,"[30,40)","[10,20)","[50000,100000)"
19/12/2018 10:35:53,30.0,Male,München,5.0,Senior,60000.0,English,1000+,Product,"[30,40)","[5,10)","[50000,100000)"
19/12/2018 10:47:26,29.0,Female,München,6.0,Middle,55000.0,English,100-1000,Consulting / Agency,"[20,30)","[5,10)","[50000,100000)"
19/12/2018 11:17:07,60.0,Female,München,38.0,Unknown,58000.0,German,up to 10,Product,>=60,>=30,"[50000,100000)"
19/12/2018 11:29:18,50.0,Male,Köln,20.0,Senior,72000.0,German,1000+,Other,"[50,60)","[20,30)","[50000,100000)"
19/12/2018 12:23:56,29.0,Male,München,6.0,Senior,75000.0,English,10-50,Product,"[20,30)","[5,10)","[50000,100000)"
19/12/2018 12:28:51,31.0,Male,Frankfurt,5.0,Middle,55000.0,English,100-1000,Startup,"[30,40)","[5,10)","[50000,100000)"
19/12/2018 12:35:39,29.0,Male,Berlin,7.0,Senior,70000.0,English,100-1000,Product,"[20,30)","[5,10)","[50000,100000)"
19/12/2018 12:36:41,36.0,Male,Tallinn,15.0,Senior,57000.0,English,1000+,Product,"[30,40)","[10,20)","[50000,100000)"
19/12/2018 12:37:33,31.0,Male,Frankfurt,10.0,Senior,75000.0,English,10-50,Consulting / Agency,"[30,40)","[10,20)","[50000,100000)"
19/12/2018 12:53:51,34.0,Male,München,12.0,Senior,70000.0,English,10-50,Product,"[30,40)","[10,20)","[50000,100000)"
19/12/2018 13:13:37,31.0,Male,Berlin,4.0,Senior,65000.0,English,1000+,Product,"[30,40)",<5,"[50000,100000)"
19/12/2018 13:40:18,47.0,Male,München,11.0,Senior,66000.0,German,1000+,Other,"[40,50)","[10,20)","[50000,100000)"
19/12/2018 13:55:15,,Male,London,10.0,Senior,90000.0,English,1000+,Other,Unknown,"[10,20)","[50000,100000)"
19/12/2018 14:00:34,43.0,Male,München,10.0,Senior,88000.0,English,1000+,Other,"[40,50)","[10,20)","[50000,100000)"
19/12/2018 14:03:52,33.0,Male,München,7.0,Senior,70000.0,English,100-1000,Product,"[30,40)","[5,10)","[50000,100000)"
19/12/2018 14:17:38,32.0,Male,Hildesheim,12.0,Senior,60000.0,English,1000+,Product,"[30,40)","[10,20)","[50000,100000)"
19/12/2018 14:32:15,,Male,München,7.0,Middle,78000.0,German,50-100,Product,Unknown,"[5,10)","[50000,100000)"
19/12/2018 15:30:31,47.0,Male,Berlin,10.0,Senior,64500.0,German,100-1000,Other,"[40,50)","[10,20)","[50000,100000)"
19/12/2018 15:39:37,31.0,Male,Berlin,7.0,Senior,96000.0,English,100-1000,Product,"[30,40)","[5,10)","[50000,100000)"
19/12/2018 15:40:32,,Male,Berlin,7.0,Senior,68000.0,English,100-1000,Startup,Unknown,"[5,10)","[50000,100000)"
19/12/2018 15:50:09,40.0,Male,Dublin,20.0,Senior,80000.0,English,10-50,Startup,"[40,50)","[20,30)","[50000,100000)"
19/12/2018 15:55:31,33.0,Male,Berlin,10.0,Senior,122000.0,English,1000+,Product,"[30,40)","[10,20)","[100000,150000)"
19/12/2018 16:02:32,46.0,Male,London,21.0,Middle,90000.0,English,100-1000,Startup,"[40,50)","[20,30)","[50000,100000)"
19/12/2018 16:19:01,27.0,Male,München,2.0,Junior,55000.0,English,1000+,Product,"[20,30)",<5,"[50000,100000)"
19/12/2018 16:36:52,43.0,Male,Frankfurt,18.0,Senior,60000.0,English,1000+,Consulting / Agency,"[40,50)","[10,20)","[50000,100000)"
19/12/2018 16:37:02,32.0,Female,Hamburg,10.0,Unknown,65000.0,English,50-100,Startup,"[30,40)","[10,20)","[50000,100000)"
19/12/2018 17:01:14,34.0,Male,München,10.0,Middle,70000.0,German,100-1000,Product,"[30,40)","[10,20)","[50000,100000)"
19/12/2018 17:21:50,38.0,Male,Berlin,15.0,Senior,75000.0,English,1000+,Product,"[30,40)","[10,20)","[50000,100000)"
19/12/2018 17:30:09,31.0,Female,München,9.0,Senior,65000.0,English,50-100,Startup,"[30,40)","[5,10)","[50000,100000)"
19/12/2018 17:45:39,31.0,Male,Berlin,4.0,Middle,60000.0,English,100-1000,Product,"[30,40)",<5,"[50000,100000)"
19/12/2018 17:49:22,32.0,Male,Frankfurt,15.0,Senior,165000.0,English,up to 10,Consulting / Agency,"[30,40)","[10,20)","[150000,200000)"
19/12/2018 18:18:05,34.0,Male,München,9.0,Senior,138000.0,English,1000+,Product,"[30,40)","[5,10)","[100000,150000)"
19/12/2018 19:41:22,42.0,Male,München,19.0,Senior,110000.0,English,1000+,Product,"[40,50)","[10,20)","[100000,150000)"
19/12/2018 20:15:34,,Male,Berlin,10.0,Senior,60000.0,English,50-100,Startup,Unknown,"[10,20)","[50000,100000)"
19/12/2018 20:53:38,30.0,Male,München,5.0,Middle,58000.0,English,100-1000,Startup,"[30,40)","[5,10)","[50000,100000)"
19/12/2018 21:08:48,26.0,Male,Köln,1.5,Junior,46000.0,German,1000+,Consulting / Agency,"[20,30)",<5,"[20000,50000)"
19/12/2018 21:21:28,27.0,Male,Berlin,5.0,Senior,73000.0,English,10-50,Startup,"[20,30)","[5,10)","[50000,100000)"
19/12/2018 21:34:04,36.0,Male,München,14.0,Senior,68000.0,English,100-1000,Consulting / Agency,"[30,40)","[10,20)","[50000,100000)"
19/12/2018 21:34:13,36.0,Male,München,14.0,Senior,68000.0,English,100-1000,Consulting / Agency,"[30,40)","[10,20)","[50000,100000)"
19/12/2018 21:43:05,30.0,Female,Berlin,5.0,Middle,52000.0,English,1000+,Product,"[30,40)","[5,10)","[50000,100000)"
19/12/2018 22:53:11,26.0,Male,Köln,6.0,Senior,60000.0,English,10-50,Startup,"[20,30)","[5,10)","[50000,100000)"
20/12/2018 00:38:28,32.0,Male,Stuttgart,7.0,Middle,74000.0,German,1000+,Product,"[30,40)","[5,10)","[50000,100000)"
20/12/2018 07:51:44,26.0,Male,"Krakow, Poland",4.5,Senior,39150.0,English,1000+,Other,"[20,30)",<5,"[20000,50000)"
20/12/2018 08:13:59,25.0,Male,München,2.0,Junior,60000.0,English,100-1000,Product,"[20,30)",<5,"[50000,100000)"
20/12/2018 08:15:29,33.0,Male,Rosenheim,15.0,Senior,48000.0,German,10-50,Consulting / Agency,"[30,40)","[10,20)","[20000,50000)"
20/12/2018 08:20:25,29.0,Male,Berlin,8.0,Senior,60000.0,English,50-100,Product,"[20,30)","[5,10)","[50000,100000)"
20/12/2018 09:05:47,30.0,Male,Hamburg,5.0,Middle,24000.0,Other,50-100,Consulting / Agency,"[30,40)","[5,10)","[20000,50000)"
20/12/2018 09:19:23,,Male,Darmstadt,9.0,Senior,70000.0,English,50-100,Consulting / Agency,Unknown,"[5,10)","[50000,100000)"
20/12/2018 09:27:44,,Male,Stuttgart ,8.0,Senior,72000.0,English,1000+,Consulting / Agency,Unknown,"[5,10)","[50000,100000)"
20/12/2018 10:05:48,30.0,Male,Hamburg,4.0,Middle,40800.0,German,up to 10,Consulting / Agency,"[30,40)",<5,"[20000,50000)"
20/12/2018 10:22:10,30.0,Female,München,5.0,Middle,50000.0,German,50-100,Product,"[30,40)","[5,10)","[50000,100000)"
20/12/2018 10:46:50,36.0,Male,München,5.0,Middle,53000.0,English,50-100,Product,"[30,40)","[5,10)","[50000,100000)"
20/12/2018 11:01:51,40.0,Male,München,18.0,Senior,89000.0,German,50-100,Product,"[40,50)","[10,20)","[50000,100000)"
20/12/2018 11:30:15,26.0,Male,Berlin,8.0,Middle,50000.0,English,10-50,Startup,"[20,30)","[5,10)","[50000,100000)"
20/12/2018 12:06:50,29.0,Male,Berlin,8.0,Senior,67500.0,English,100-1000,Product,"[20,30)","[5,10)","[50000,100000)"
20/12/2018 12:25:26,28.0,Female,Frankfurt,3.0,Middle,50000.0,German,50-100,Consulting / Agency,"[20,30)",<5,"[50000,100000)"
20/12/2018 12:28:28,35.0,Female,Berlin,,Middle,37000.0,German,100-1000,Other,"[30,40)",Unknown,"[20000,50000)"
20/12/2018 12:49:16,,Male,Berlin,6.0,Senior,80000.0,English,1000+,Product,Unknown,"[5,10)","[50000,100000)"
20/12/2018 14:17:32,,Male,Karlsruhe,4.0,Middle,45000.0,German,10-50,Product,Unknown,<5,"[20000,50000)"
20/12/2018 14:35:37,29.0,Male,München,8.0,Senior,80000.0,English,100-1000,Product,"[20,30)","[5,10)","[50000,100000)"
20/12/2018 16:07:33,52.0,Male,bremen,5.0,Middle,33600.0,German,up to 10,Other,"[50,60)","[5,10)","[20000,50000)"
20/12/2018 16:54:51,34.0,Male,München,8.0,Senior,132000.0,English,1000+,Product,"[30,40)","[5,10)","[100000,150000)"
20/12/2018 17:40:43,39.0,Male,Hamburg,5.0,Middle,87500.0,English,1000+,Product,"[30,40)","[5,10)","[50000,100000)"
20/12/2018 18:53:02,30.0,Male,Stockholm,12.0,Senior,65000.0,English,1000+,Product,"[30,40)","[10,20)","[50000,100000)"
20/12/2018 19:23:53,38.0,Male,Berlin,14.0,Senior,128000.0,English,1000+,Product,"[30,40)","[10,20)","[100000,150000)"
20/12/2018 19:25:07,26.0,Male,München,3.0,Junior,37000.0,German,up to 10,Startup,"[20,30)",<5,"[20000,50000)"
20/12/2018 22:38:36,33.0,Female,München,11.0,Senior,120000.0,English,1000+,Product,"[30,40)","[10,20)","[100000,150000)"
20/12/2018 22:39:21,42.0,Male,München,18.0,Senior,180000.0,German,1000+,Unknown,"[40,50)","[10,20)","[150000,200000)"
21/12/2018 00:30:25,35.0,Male,Berlin,14.0,Senior,55000.0,English,50-100,Product,"[30,40)","[10,20)","[50000,100000)"
21/12/2018 03:36:12,35.0,Male,Berlin,10.0,Senior,78000.0,English,1000+,Product,"[30,40)","[10,20)","[50000,100000)"
21/12/2018 10:04:21,,Male,Brussels,12.0,Senior,75000.0,English,1000+,Product,Unknown,"[10,20)","[50000,100000)"
21/12/2018 10:42:50,31.0,Male,Luxembourg,8.0,Middle,72000.0,English,100-1000,Product,"[30,40)","[5,10)","[50000,100000)"
21/12/2018 11:59:26,37.0,Male,Stuttgart,6.0,Senior,57000.0,English,100-1000,Product,"[30,40)","[5,10)","[50000,100000)"
21/12/2018 14:10:43,30.0,Male,München,7.0,Senior,68000.0,English,100-1000,Product,"[30,40)","[5,10)","[50000,100000)"
21/12/2018 14:23:17,26.0,Male,München,5.0,Middle,58000.0,English,100-1000,Consulting / Agency,"[20,30)","[5,10)","[50000,100000)"
21/12/2018 14:36:29,32.0,Male,München,10.0,Senior,65000.0,English,100-1000,Product,"[30,40)","[10,20)","[50000,100000)"
21/12/2018 14:56:31,30.0,Male,München,5.0,Middle,60000.0,English,100-1000,Product,"[30,40)","[5,10)","[50000,100000)"
21/12/2018 15:21:40,31.0,Male,Berlin,5.0,Senior,90000.0,English,1000+,Product,"[30,40)","[5,10)","[50000,100000)"
21/12/2018 15:29:51,32.0,Female,Dublin,6.0,Middle,90000.0,English,1000+,Product,"[30,40)","[5,10)","[50000,100000)"
21/12/2018 17:23:57,28.0,Male,Berlin,5.0,Senior,77000.0,English,50-100,Product,"[20,30)","[5,10)","[50000,100000)"
21/12/2018 19:20:15,33.0,Male,Nürnberg ,6.0,Senior,90000.0,German,100-1000,Consulting / Agency,"[30,40)","[5,10)","[50000,100000)"
21/12/2018 19:20:59,33.0,Male,Nürnberg ,6.0,Senior,90000.0,German,100-1000,Consulting / Agency,"[30,40)","[5,10)","[50000,100000)"
21/12/2018 20:52:25,27.0,Male,Berlin,7.0,Senior,57500.0,English,100-1000,Product,"[20,30)","[5,10)","[50000,100000)"
21/12/2018 21:01:44,43.0,Male,Schleswig-Holstein,16.0,Senior,103000.0,German,50-100,Product,"[40,50)","[10,20)","[100000,150000)"
21/12/2018 22:17:29,31.0,Male,Riga,11.0,Senior,55000.0,English,1000+,Product,"[30,40)","[10,20)","[50000,100000)"
21/12/2018 22:53:31,30.0,Male,Köln,5.0,Senior,70000.0,English,10-50,Product,"[30,40)","[5,10)","[50000,100000)"
21/12/2018 23:49:39,32.0,Male,Berlin,8.0,Senior,125000.0,English,100-1000,Product,"[30,40)","[5,10)","[100000,150000)"
22/12/2018 10:39:18,35.0,Male,Berlin,8.0,Senior,57000.0,English,10-50,Product,"[30,40)","[5,10)","[50000,100000)"
22/12/2018 11:03:16,26.0,Female,Berlin,1.0,Junior,56000.0,English,50-100,Startup,"[20,30)",<5,"[50000,100000)"
22/12/2018 11:10:31,33.0,Male,Stuttgart,12.0,Senior,78000.0,German,1000+,Product,"[30,40)","[10,20)","[50000,100000)"
22/12/2018 11:39:33,33.0,Male,Berlin,12.0,Senior,66000.0,English,100-1000,Product,"[30,40)","[10,20)","[50000,100000)"
22/12/2018 12:32:20,38.0,Male,München,15.0,Senior,67000.0,English,50-100,Product,"[30,40)","[10,20)","[50000,100000)"
22/12/2018 13:35:53,31.0,Male,Berlin,9.0,Middle,70000.0,English,1000+,Product,"[30,40)","[5,10)","[50000,100000)"
22/12/2018 13:49:00,37.0,Male,Berlin,8.0,Senior,75000.0,English,1000+,Product,"[30,40)","[5,10)","[50000,100000)"
22/12/2018 14:29:51,27.0,Male,Berlin,10.0,Senior,60000.0,English,100-1000,Consulting / Agency,"[20,30)","[10,20)","[50000,100000)"
22/12/2018 14:58:30,,Male,München,,Senior,90000.0,English,100-1000,Other,Unknown,Unknown,"[50000,100000)"
22/12/2018 17:01:02,31.0,Female,Frankfurt,,Senior,90000.0,German,100-1000,Consulting / Agency,"[30,40)",Unknown,"[50000,100000)"
22/12/2018 17:25:53,33.0,Female,Berlin,10.0,Middle,55000.0,English,100-1000,Startup,"[30,40)","[10,20)","[50000,100000)"
22/12/2018 18:56:42,37.0,Male,München,15.0,Senior,80000.0,English,100-1000,Product,"[30,40)","[10,20)","[50000,100000)"
22/12/2018 19:57:57,36.0,Male,München,14.0,Senior,112000.0,English,1000+,Other,"[30,40)","[10,20)","[100000,150000)"
22/12/2018 20:10:58,33.0,Male,München,10.0,Senior,72000.0,German,1000+,Product,"[30,40)","[10,20)","[50000,100000)"
22/12/2018 20:38:00,30.0,Male,München,10.0,Senior,70000.0,English,10-50,Startup,"[30,40)","[10,20)","[50000,100000)"
22/12/2018 21:42:28,34.0,Male,Berlin,9.0,Senior,120000.0,English,100-1000,Product,"[30,40)","[5,10)","[100000,150000)"
22/12/2018 22:32:17,30.0,Female,München,1.0,Junior,50000.0,German,50-100,Product,"[30,40)",<5,"[50000,100000)"
23/12/2018 02:03:23,36.0,Male,Koblenz,18.0,Senior,42000.0,German,10-50,Other,"[30,40)","[10,20)","[20000,50000)"
23/12/2018 10:00:57,31.0,Male,München,11.0,Senior,80000.0,English,1000+,Product,"[30,40)","[10,20)","[50000,100000)"
23/12/2018 11:39:45,31.0,Male,München,8.0,Senior,65000.0,English,50-100,Startup,"[30,40)","[5,10)","[50000,100000)"
23/12/2018 12:54:37,33.0,Male,Frankfurt,11.0,Senior,72000.0,English,100-1000,Product,"[30,40)","[10,20)","[50000,100000)"
23/12/2018 15:08:36,32.0,Male,Berlin,9.0,Senior,83000.0,English,50-100,Other,"[30,40)","[5,10)","[50000,100000)"
23/12/2018 15:16:21,27.0,Male,Berlin,6.0,Middle,60000.0,English,1000+,Other,"[20,30)","[5,10)","[50000,100000)"
23/12/2018 15:30:20,35.0,Male,München,12.0,Senior,84000.0,German,up to 10,Startup,"[30,40)","[10,20)","[50000,100000)"
23/12/2018 15:31:48,25.0,Male,München,4.0,Senior,70000.0,English,1000+,Consulting / Agency,"[20,30)",<5,"[50000,100000)"
23/12/2018 15:33:22,34.0,Male,Berlin,10.0,Senior,65000.0,English,50-100,Product,"[30,40)","[10,20)","[50000,100000)"
23/12/2018 16:23:52,34.0,Male,Hamburg,10.0,Senior,68000.0,English,100-1000,Product,"[30,40)","[10,20)","[50000,100000)"
23/12/2018 16:37:28,35.0,Male,München,12.0,Senior,70000.0,English,50-100,Product,"[30,40)","[10,20)","[50000,100000)"
23/12/2018 17:51:44,34.0,Male,München,11.0,Senior,72000.0,English,1000+,Product,"[30,40)","[10,20)","[50000,100000)"
23/12/2018 18:59:15,33.0,Male,homeoffice,15.0,Senior,65000.0,German,up to 10,Consulting / Agency,"[30,40)","[10,20)","[50000,100000)"
23/12/2018 19:15:03,26.0,Male,Berlin,5.0,Senior,65000.0,English,100-1000,Startup,"[20,30)","[5,10)","[50000,100000)"
24/12/2018 08:47:03,30.0,Male,Vienna,7.0,Middle,42000.0,English,50-100,Consulting / Agency,"[30,40)","[5,10)","[20000,50000)"
24/12/2018 10:39:45,29.0,Female,Berlin,5.0,Middle,40000.0,English,50-100,Startup,"[20,30)","[5,10)","[20000,50000)"
24/12/2018 10:49:15,33.0,Male,München,4.0,Middle,60000.0,English,50-100,Product,"[30,40)",<5,"[50000,100000)"
24/12/2018 11:20:58,28.0,Male,Berlin,6.0,Middle,48000.0,English,100-1000,Product,"[20,30)","[5,10)","[20000,50000)"
24/12/2018 17:36:56,33.0,Male,Moscow,10.0,Senior,50000.0,Other,1000+,Consulting / Agency,"[30,40)","[10,20)","[50000,100000)"
24/12/2018 18:49:59,27.0,Male,Berlin,4.0,Senior,62000.0,English,100-1000,Consulting / Agency,"[20,30)",<5,"[50000,100000)"
25/12/2018 09:57:07,33.0,Female,Berlin,4.0,Middle,55000.0,English,1000+,Product,"[30,40)",<5,"[50000,100000)"
25/12/2018 12:45:52,30.0,Male,Berlin,10.0,Senior,75000.0,English,100-1000,Product,"[30,40)","[10,20)","[50000,100000)"
25/12/2018 12:51:46,29.0,Male,Berlin,3.0,Middle,58000.0,German,10-50,Product,"[20,30)",<5,"[50000,100000)"
25/12/2018 13:02:57,32.0,Male,Berlin,9.0,Senior,65000.0,English,1000+,Product,"[30,40)","[5,10)","[50000,100000)"
25/12/2018 13:08:55,,Male,München,15.0,Middle,53600.0,German,10-50,Product,Unknown,"[10,20)","[50000,100000)"
25/12/2018 21:42:08,28.0,Male,München,7.0,Senior,60000.0,English,100-1000,Product,"[20,30)","[5,10)","[50000,100000)"
25/12/2018 21:42:19,28.0,Male,München,7.0,Senior,60000.0,English,100-1000,Product,"[20,30)","[5,10)","[50000,100000)"
25/12/2018 23:47:53,31.0,Male,Unknown,3.0,Middle,51600.0,English,100-1000,Product,"[30,40)",<5,"[50000,100000)"
26/12/2018 09:25:19,33.0,Male,Limassol,12.0,Senior,39600.0,Other,100-1000,Product,"[30,40)","[10,20)","[20000,50000)"
26/12/2018 11:08:06,,Male,Berlin,3.0,Senior,60500.0,German,10-50,Consulting / Agency,Unknown,<5,"[50000,100000)"
26/12/2018 14:16:31,37.0,Male,Berlin,15.0,Senior,65000.0,English,10-50,Startup,"[30,40)","[10,20)","[50000,100000)"
26/12/2018 14:37:31,30.0,Male,saint petersburg,10.0,Senior,15000.0,Other,100-1000,Product,"[30,40)","[10,20)",<20000
26/12/2018 16:04:40,30.0,Male,München,7.0,Senior,120000.0,English,1000+,Product,"[30,40)","[5,10)","[100000,150000)"
26/12/2018 19:42:47,,Male,München,15.0,Senior,130000.0,English,100-1000,Product,Unknown,"[10,20)","[100000,150000)"
27/12/2018 07:53:59,33.0,Male,Unknown,1.0,Junior,42000.0,English,50-100,Consulting / Agency,"[30,40)",<5,"[20000,50000)"
27/12/2018 09:30:49,28.0,Male,Köln,3.0,Middle,45000.0,German,10-50,Product,"[20,30)",<5,"[20000,50000)"
27/12/2018 12:34:03,37.0,Male,Erlangen,7.0,Senior,85000.0,German,1000+,Product,"[30,40)","[5,10)","[50000,100000)"
27/12/2018 13:58:13,32.0,Male,Frankfurt,,Senior,72000.0,English,100-1000,Product,"[30,40)",Unknown,"[50000,100000)"
27/12/2018 20:07:09,36.0,Male,München,5.0,Middle,60000.0,English,50-100,Consulting / Agency,"[30,40)","[5,10)","[50000,100000)"
28/12/2018 00:00:48,30.0,Male,Berlin,10.0,Middle,47000.0,English,10-50,Product,"[30,40)","[10,20)","[20000,50000)"
28/12/2018 13:37:45,,Male,München,5.0,Middle,75000.0,English,10-50,Other,Unknown,"[5,10)","[50000,100000)"
28/12/2018 18:07:36,39.0,Male,Unknown,10.0,Senior,130000.0,German,100-1000,Unknown,"[30,40)","[10,20)","[100000,150000)"
29/12/2018 00:06:13,29.0,Male,München,8.0,Senior,77000.0,English,1000+,Product,"[20,30)","[5,10)","[50000,100000)"
29/12/2018 11:12:09,35.0,Female,Unknown,2.0,Junior,42000.0,German,10-50,Product,"[30,40)",<5,"[20000,50000)"
29/12/2018 17:04:41,36.0,Female,München,7.0,Senior,80000.0,English,1000+,Other,"[30,40)","[5,10)","[50000,100000)"
29/12/2018 17:45:46,37.0,Male,Berlin,17.0,Senior,95000.0,English,100-1000,Unknown,"[30,40)","[10,20)","[50000,100000)"
29/12/2018 20:02:46,29.0,Male,Berlin,9.0,Senior,60000.0,English,100-1000,Product,"[20,30)","[5,10)","[50000,100000)"
30/12/2018 09:43:24,,Male,München,7.0,Senior,71000.0,English,100-1000,Product,Unknown,"[5,10)","[50000,100000)"
30/12/2018 10:08:25,,Male,München,5.0,Senior,60000.0,English,10-50,Startup,Unknown,"[5,10)","[50000,100000)"
30/12/2018 10:34:03,32.0,Male,Berlin,10.0,Senior,115000.0,English,100-1000,Product,"[30,40)","[10,20)","[100000,150000)"
30/12/2018 18:53:11,32.0,Male,München,11.0,Senior,75000.0,English,100-1000,Startup,"[30,40)","[10,20)","[50000,100000)"
30/12/2018 22:14:57,30.0,Male,Bonn,7.0,Senior,62500.0,English,10-50,Product,"[30,40)","[5,10)","[50000,100000)"
30/12/2018 22:21:56,38.0,Male,Siegen,15.0,Middle,64000.0,Other,100-1000,Product,"[30,40)","[10,20)","[50000,100000)"
31/12/2018 07:45:22,42.0,Male,München,18.0,Senior,127000.0,German,1000+,Other,"[40,50)","[10,20)","[100000,150000)"
31/12/2018 10:58:13,27.0,Male,München,6.0,Middle,65000.0,German,100-1000,Product,"[20,30)","[5,10)","[50000,100000)"
31/12/2018 16:29:27,42.0,Male,Berlin,20.0,Senior,93000.0,English,1000+,Product,"[40,50)","[20,30)","[50000,100000)"
31/12/2018 21:40:32,26.0,Female,Berlin,3.0,Junior,27000.0,English,10-50,Product,"[20,30)",<5,"[20000,50000)"
31/12/2018 21:41:26,26.0,Male,Berlin,7.0,Middle,33000.0,English,50-100,Product,"[20,30)","[5,10)","[20000,50000)"
01/01/2019 10:19:48,33.0,Male,Remote Germany,0.0,Senior,83200.0,English,100-1000,Startup,"[30,40)",<5,"[50000,100000)"
01/01/2019 20:37:11,30.0,Unknown,Berlin,10.0,Senior,85000.0,English,50-100,Product,"[30,40)","[10,20)","[50000,100000)"
01/01/2019 21:07:07,34.0,Male,Berlin,10.0,Senior,74000.0,English,100-1000,Product,"[30,40)","[10,20)","[50000,100000)"
02/01/2019 10:42:28,31.0,Female,Berlin,9.0,Senior,42000.0,English,10-50,Startup,"[30,40)","[5,10)","[20000,50000)"
02/01/2019 10:43:31,44.0,Male,Berlin,20.0,Senior,65000.0,German,50-100,Product,"[40,50)","[20,30)","[50000,100000)"
02/01/2019 17:47:17,,Male,Stuttgart,8.0,Senior,80400.0,English,1000+,Other,Unknown,"[5,10)","[50000,100000)"
02/01/2019 22:32:08,27.0,Female,Frankfurt,0.0,Junior,50000.0,English,100-1000,Consulting / Agency,"[20,30)",<5,"[50000,100000)"
03/01/2019 14:01:31,30.0,Male,Berlin,10.0,Senior,75000.0,English,1000+,Product,"[30,40)","[10,20)","[50000,100000)"
03/01/2019 17:37:31,25.0,Male,"Ireland, Dublin",5.0,Middle,50000.0,English,100-1000,Consulting / Agency,"[20,30)","[5,10)","[50000,100000)"
05/01/2019 15:01:25,35.0,Male,Köln,11.0,Middle,60000.0,English,10-50,Startup,"[30,40)","[10,20)","[50000,100000)"
06/01/2019 15:20:04,26.0,Male,Berlin,5.0,Senior,62500.0,English,1000+,Product,"[20,30)","[5,10)","[50000,100000)"
07/01/2019 13:59:53,34.0,Male,Frankfurt,11.0,Senior,65000.0,German,1000+,Consulting / Agency,"[30,40)","[10,20)","[50000,100000)"
08/01/2019 21:21:55,36.0,Male,Köln,5.0,Senior,53000.0,German,100-1000,Consulting / Agency,"[30,40)","[5,10)","[50000,100000)"
09/01/2019 10:31:26,35.0,Male,Berlin,12.0,Senior,70000.0,English,100-1000,Product,"[30,40)","[10,20)","[50000,100000)"
14/01/2019 10:13:07,29.0,Female,Berlin,7.0,Senior,55000.0,English,50-100,Consulting / Agency,"[20,30)","[5,10)","[50000,100000)"
18/01/2019 08:18:53,33.0,Male,Köln,12.0,Senior,60000.0,English,up to 10,Product,"[30,40)","[10,20)","[50000,100000)"
20/01/2019 03:50:44,28.0,Male,Darmstadt,2.0,Unknown,13000.0,English,50-100,Product,"[20,30)",<5,<20000
20/01/2019 14:36:15,34.0,Male,Berlin,3.0,Middle,52000.0,English,50-100,Product,"[30,40)",<5,"[50000,100000)"
21/01/2019 16:05:38,,Female,München,8.0,Middle,40000.0,German,100-1000,Product,Unknown,"[5,10)","[20000,50000)"
04/02/2019 14:31:56,33.0,Male,Berlin,7.0,Senior,69000.0,English,1000+,Product,"[30,40)","[5,10)","[50000,100000)"
05/02/2019 12:48:23,30.0,Female,Berlin,11.0,Senior,65000.0,English,10-50,Startup,"[30,40)","[10,20)","[50000,100000)"
05/02/2019 19:08:50,38.0,Male,Berlin,18.0,Senior,68000.0,English,1000+,Product,"[30,40)","[10,20)","[50000,100000)"
10/02/2019 18:42:52,31.0,Male,München,6.0,Middle,65000.0,English,50-100,Product,"[30,40)","[5,10)","[50000,100000)"
22/02/2019 11:27:17,35.0,Female,München,10.0,Senior,80000.0,English,50-100,Product,"[30,40)","[10,20)","[50000,100000)"
27/02/2019 21:40:21,32.0,Male,Berlin,9.0,Senior,71500.0,English,100-1000,Startup,"[30,40)","[5,10)","[50000,100000)"
27/02/2019 21:51:06,,Unknown,Unknown,,Unknown,,Unknown,Unknown,Unknown,Unknown,Unknown,Unknown
28/02/2019 16:33:15,,Unknown,Unknown,,Unknown,,Unknown,Unknown,Unknown,Unknown,Unknown,Unknown
26/03/2019 22:17:53,40.0,Male,München,12.0,Senior,50000.0,English,50-100,Product,"[40,50)","[10,20)","[50000,100000)"
03/04/2019 10:10:41,,Male,Frankfurt,,Junior,,German,1000+,Product,Unknown,Unknown,Unknown
13/05/2019 20:50:51,,Unknown,Unknown,,Unknown,,Unknown,Unknown,Unknown,Unknown,Unknown,Unknown
16/05/2019 23:36:03,,Unknown,Unknown,,Unknown,,Unknown,Unknown,Unknown,Unknown,Unknown,Unknown
22/05/2019 00:54:42,,Male,München,,Senior,70000.0,Unknown,Unknown,Unknown,Unknown,Unknown,"[50000,100000)"
25/05/2019 16:38:34,,Unknown,Unknown,,Unknown,,Unknown,Unknown,Unknown,Unknown,Unknown,Unknown
25/05/2019 16:38:46,,Unknown,Unknown,,Unknown,,Unknown,Unknown,Unknown,Unknown,Unknown,Unknown
02/06/2019 22:53:41,31.0,Male,München,1.0,Junior,51000.0,German,1000+,Consulting / Agency,"[30,40)",<5,"[50000,100000)"
03/06/2019 22:58:13,40.0,Male,Berlin,20.0,Senior,75000.0,English,50-100,Product,"[40,50)","[20,30)","[50000,100000)"
14/06/2019 09:07:43,,Male,Frankfurt,8.0,Senior,80000.0,German,100-1000,Product,Unknown,"[5,10)","[50000,100000)"
03/08/2019 13:35:09,37.0,Male,Köln,5.0,Middle,53000.0,German,10-50,Consulting / Agency,"[30,40)","[5,10)","[50000,100000)"
09/08/2019 11:53:32,51.0,Male,Oberhausen,25.0,Senior,78000.0,German,100-1000,Product,"[50,60)","[20,30)","[50000,100000)"
22/08/2019 21:04:57,,Unknown,Unknown,,Unknown,,Unknown,Unknown,Unknown,Unknown,Unknown,Unknown
12/09/2019 13:05:24,,Male,estonia,3.0,Senior,55555.0,English,up to 10,Consulting / Agency,Unknown,<5,"[50000,100000)"
08/10/2019 16:45:46,29.0,Male,Andernach,1.0,Junior,42000.0,Other,up to 10,Unknown,"[20,30)",<5,"[20000,50000)"
27/10/2019 09:25:28,25.0,Male,München,4.0,Middle,60000.0,English,1000+,Product,"[20,30)",<5,"[50000,100000)"
23/11/2019 08:30:53,,Male,Berlin,17.0,Senior,85000.0,English,1000+,Product,Unknown,"[10,20)","[50000,100000)"
28/11/2019 20:39:45,,Unknown,Unknown,,Unknown,,Unknown,Unknown,Unknown,Unknown,Unknown,Unknown
26/12/2019 17:09:25,33.0,Male,Nürnberg ,11.0,Senior,75000.0,English,1000+,Product,"[30,40)","[10,20)","[50000,100000)"
29/12/2019 22:54:18,,Unknown,Unknown,,Unknown,,Unknown,Unknown,Unknown,Unknown,Unknown,Unknown
06/01/2020 13:38:05,30.0,Male,München,10.0,Middle,75000.0,German,100-1000,Consulting / Agency,"[30,40)","[10,20)","[50000,100000)"
05/03/2020 16:50:43,52.0,Male,Köln,30.0,Middle,63000.0,English,1000+,Consulting / Agency,"[50,60)",>=30,"[50000,100000)"
11/03/2020 23:23:19,,Unknown,Unknown,,Unknown,,Unknown,Unknown,Unknown,Unknown,Unknown,Unknown
31/05/2020 16:28:15,,Male,Berlin,,Unknown,,Unknown,Unknown,Unknown,Unknown,Unknown,Unknown
31/05/2020 16:28:23,,Male,Berlin,,Unknown,,Unknown,Unknown,Unknown,Unknown,Unknown,Unknown
03/06/2020 20:12:51,40.0,Male,Köln,1.0,Junior,44000.0,German,10-50,Product,"[40,50)",<5,"[20000,50000)"
28/07/2020 04:03:13,,Male,Köln,1.0,Junior,45000.0,German,10-50,Product,Unknown,<5,"[20000,50000)"
28/07/2020 04:03:20,,Male,Köln,1.0,Junior,45000.0,German,10-50,Product,Unknown,<5,"[20000,50000)"
26/08/2020 09:06:44,,Unknown,Unknown,,Unknown,,Unknown,Unknown,Unknown,Unknown,Unknown,Unknown
21/09/2020 01:47:10,31.0,Female,München,10.0,Senior,110000.0,English,1000+,Product,"[30,40)","[10,20)","[100000,150000)"
